KOR,MATH,GRADE
21,44,C
87,85,A
19,19,C
47,17,C
60,83,A
76,68,A
29,46,C
41,77,B
26,84,B
77,17,B
70,58,B
12,55,C
83,46,B
16,45,C
47,67,B
46,32,C
96,59,A
51,26,C
55,46,B
35,67,B
80,59,B
29,92,B
37,56,B
96,54,A
61,34,B
48,18,C
92,22,B
87,70,A
13,77,B
43,32,C
23,12,C
62,70,B
53,67,B
66,78,A
99,44,A
77,60,B
92,35,B
57,61,B
78,56,B
80,66,A
22,99,B
80,70,A
99,40,B
57,84,A
87,87,A
11,52,C
33,49,B
63,66,B
10,99,B
19,20,C
76,55,B
82,77,A
60,41,B
35,29,C
10,51,C
86,31,B
81,59,A
49,96,A
86,57,A
84,80,A
91,99,A
90,63,A
97,94,A
44,16,C
12,11,C
96,10,B
39,22,C
100,32,B
49,70,B
13,51,C
79,66,A
88,60,A
80,47,B
95,21,B
17,43,C
36,63,B
24,77,B
79,31,B
43,22,C
92,14,B
22,39,C
83,84,A
25,93,B
49,86,B
70,23,B
66,20,B
72,88,A
60,93,A
26,18,C
49,66,B
40,69,B
32,42,C
46,56,B
42,87,B
61,92,A
79,49,B
58,25,B
15,86,B
92,93,A
77,38,B
12,95,B
10,52,C
100,44,A
20,75,B
46,69,B
20,94,B
65,86,A
52,44,B
22,93,B
92,86,A
50,68,B
33,91,B
46,51,B
34,54,B
77,61,B
62,64,B
95,84,A
42,99,A
27,91,B
16,78,B
51,85,B
86,77,A
94,76,A
28,28,C
20,30,C
18,53,C
54,77,B
74,21,B
45,21,C
53,94,A
91,13,B
61,100,A
90,49,B
90,31,B
99,93,A
57,83,A
85,19,B
52,27,C
58,38,B
65,19,B
60,17,C
37,84,B
48,74,B
28,38,C
96,35,B
16,92,B
63,77,A
34,17,C
70,46,B
42,97,B
33,99,B
33,27,C
62,35,B
62,72,B
16,23,C
72,41,B
95,66,A
33,99,B
37,22,C
66,88,A
18,33,C
63,66,B
20,87,B
16,69,B
37,77,B
53,26,C
12,10,C
21,34,C
24,33,C
64,75,B
80,21,B
98,89,A
69,69,B
11,82,B
23,56,C
42,20,C
24,27,C
65,74,B
40,29,C
28,34,C
92,14,B
45,83,B
32,44,C
79,46,B
12,31,C
11,15,C
47,61,B
20,15,C
11,19,C
44,22,C
55,100,A
51,95,A
35,81,B
61,67,B
51,22,C
91,92,A
69,67,B
75,26,B
71,98,A
61,10,C
36,82,B
92,31,B
13,25,C
97,79,A
95,74,A
62,36,B
74,96,A
16,40,C
50,14,C
74,20,B
29,71,B
76,11,B
46,39,B
44,78,B
87,85,A
72,11,B
48,65,B
65,66,B
35,56,B
79,31,B
57,60,B
18,54,C
82,12,B
74,39,B
72,32,B
93,38,B
75,93,A
82,85,A
50,16,C
27,96,B
51,32,B
29,79,B
42,75,B
50,35,B
85,93,A
27,33,C
100,92,A
11,77,B
16,73,B
54,83,B
77,11,B
30,32,C
10,53,C
28,16,C
13,30,C
85,51,B
66,92,A
99,97,A
100,89,A
92,18,B
42,49,B
100,63,A
41,42,B
37,54,B
50,87,B
70,16,B
11,92,B
35,37,C
31,12,C
91,66,A
25,44,C
37,71,B
51,93,A
61,45,B
84,63,A
68,82,A
45,16,C
44,91,B
87,69,A
56,65,B
90,76,A
100,34,B
75,16,B
28,58,B
84,84,A
47,45,B
68,51,B
89,22,B
84,85,A
93,65,A
38,63,B
71,41,B
15,98,B
10,93,B
22,99,B
75,74,A
72,46,B
76,60,B
78,76,A
38,20,C
15,82,B
71,68,B
68,57,B
98,80,A
29,100,B
95,99,A
58,57,B
48,69,B
69,43,B
80,18,B
99,96,A
79,64,A
50,36,B
41,54,B
40,46,B
58,22,B
74,93,A
84,56,A
60,66,B
18,99,B
46,60,B
55,41,B
57,27,B
82,83,A
28,32,C
100,61,A
11,55,C
87,93,A
17,100,B
54,59,B
18,67,B
71,52,B
81,45,B
92,35,B
29,41,C
16,74,B
46,25,C
87,74,A
71,72,A
70,53,B
30,42,C
57,93,A
37,37,C
22,40,C
38,36,C
98,11,B
29,86,B
76,21,B
21,22,C
22,44,C
59,84,A
89,14,B
97,35,B
84,98,A
58,33,B
60,53,B
76,39,B
86,73,A
51,67,B
50,17,C
66,63,B
70,86,A
13,14,C
20,49,C
60,23,B
95,34,B
48,59,B
58,27,B
72,71,A
24,91,B
94,65,A
64,71,B
77,77,A
70,22,B
20,18,C
75,33,B
11,71,B
17,59,C
10,75,B
52,59,B
99,38,B
15,13,C
98,19,B
31,99,B
30,16,C
65,41,B
55,77,B
84,86,A
85,82,A
75,61,B
92,21,B
22,69,B
94,44,B
23,81,B
23,45,C
82,97,A
81,50,B
31,43,C
40,83,B
20,39,C
30,56,B
16,79,B
29,45,C
73,76,A
43,68,B
63,27,B
18,54,C
19,100,B
28,51,C
33,59,B
73,20,B
28,81,B
52,25,C
53,72,B
40,51,B
78,50,B
56,63,B
69,38,B
41,65,B
33,61,B
77,64,A
14,85,B
83,68,A
62,20,B
92,37,B
13,89,B
83,80,A
99,78,A
34,14,C
80,90,A
97,56,A
91,86,A
97,20,B
35,29,C
91,18,B
15,66,B
24,88,B
93,83,A
47,17,C
85,12,B
20,52,C
85,71,A
93,87,A
98,19,B
45,100,A
80,66,A
37,21,C
95,87,A
81,41,B
67,21,B
61,54,B
78,50,B
94,81,A
65,94,A
33,32,C
50,41,B
32,74,B
60,67,B
94,96,A
21,47,C
75,22,B
80,27,B
50,54,B
80,65,A
26,100,B
12,43,C
70,50,B
35,93,B
73,26,B
26,74,B
38,18,C
91,93,A
14,32,C
57,63,B
54,38,B
59,77,B
24,21,C
72,58,B
98,41,B
22,52,C
41,43,B
19,82,B
74,67,A
86,14,B
57,55,B
94,43,B
99,83,A
81,58,B
17,11,C
72,47,B
12,58,C
66,37,B
88,23,B
50,38,B
16,27,C
42,95,B
22,25,C
33,54,B
82,58,A
24,51,C
61,96,A
42,15,C
23,21,C
27,78,B
83,71,A
75,13,B
88,26,B
77,43,B
94,86,A
53,100,A
85,33,B
58,62,B
97,48,A
32,94,B
16,29,C
36,43,C
46,45,B
25,32,C
14,41,C
85,94,A
78,24,B
86,48,B
96,85,A
52,96,A
18,19,C
27,97,B
70,83,A
67,60,B
46,78,B
69,55,B
36,37,C
84,100,A
67,94,A
67,53,B
38,48,B
48,73,B
17,60,C
91,29,B
29,58,B
44,43,B
22,68,B
89,29,B
68,98,A
15,36,C
92,79,A
58,11,C
84,64,A
80,47,B
20,70,B
66,12,C
60,73,B
22,90,B
51,89,A
35,69,B
35,82,B
51,93,A
56,88,A
98,26,B
38,23,C
88,94,A
37,90,B
46,47,B
71,92,A
88,43,B
58,68,B
59,64,B
28,36,C
68,22,B
99,21,B
86,54,A
100,44,A
69,47,B
84,77,A
41,98,B
86,98,A
27,28,C
62,49,B
98,86,A
100,38,B
27,16,C
58,71,B
10,56,C
55,53,B
56,19,C
79,71,A
31,11,C
95,17,B
83,54,B
19,27,C
52,94,A
52,55,B
41,85,B
36,22,C
83,73,A
91,89,A
66,28,B
61,58,B
74,95,A
85,36,B
22,48,C
62,73,B
73,62,B
61,81,A
43,61,B
100,22,B
14,39,C
49,74,B
21,65,B
20,63,B
62,76,B
21,44,C
85,94,A
28,61,B
75,73,A
75,72,A
83,33,B
17,49,C
83,87,A
23,49,C
20,63,B
13,33,C
10,52,C
56,69,B
80,93,A
37,31,C
40,11,C
86,83,A
79,62,A
36,64,B
38,57,B
53,76,B
95,55,A
46,31,C
37,75,B
38,92,B
19,76,B
26,46,C
77,21,B
95,27,B
11,60,C
19,81,B
44,84,B
24,70,B
84,80,A
83,73,A
24,59,B
100,89,A
82,27,B
65,83,A
43,48,B
19,29,C
70,10,B
45,90,B
77,72,A
77,23,B
57,26,B
65,79,A
81,17,B
99,41,A
61,90,A
85,66,A
56,31,B
15,49,C
18,76,B
67,59,B
37,59,B
81,75,A
62,44,B
59,27,B
62,45,B
87,77,A
79,100,A
24,54,C
90,24,B
37,12,C
78,67,A
16,87,B
91,50,A
49,100,A
76,65,A
97,79,A
93,29,B
78,28,B
38,25,C
53,98,A
24,75,B
67,93,A
46,88,B
100,26,B
51,12,C
90,34,B
39,86,B
91,30,B
57,71,B
56,67,B
85,41,B
20,50,C
99,57,A
10,92,B
42,24,C
52,67,B
22,78,B
93,12,B
90,53,A
95,45,A
59,30,B
81,84,A
34,32,C
27,65,B
35,84,B
46,51,B
12,50,C
98,20,B
16,83,B
88,13,B
39,65,B
86,39,B
69,20,B
52,74,B
82,27,B
83,88,A
54,87,A
33,18,C
80,72,A
66,81,A
53,10,C
40,31,C
42,60,B
79,74,A
11,30,C
24,69,B
20,92,B
41,67,B
74,16,B
37,71,B
43,76,B
28,87,B
46,29,C
20,61,B
80,85,A
22,54,C
68,43,B
33,41,C
61,22,B
64,86,A
13,79,B
83,27,B
31,63,B
43,59,B
55,95,A
39,58,B
80,61,A
19,74,B
72,100,A
71,88,A
66,47,B
53,62,B
34,34,C
22,89,B
58,75,B
54,28,B
49,33,B
19,51,C
98,84,A
32,64,B
24,82,B
48,74,B
46,84,B
50,90,A
73,10,B
36,22,C
86,78,A
18,59,C
24,55,C
70,39,B
57,26,B
78,20,B
94,58,A
35,33,C
95,10,B
65,15,B
79,36,B
69,21,B
61,22,B
36,14,C
75,85,A
27,43,C
19,54,C
14,61,C
56,63,B
15,33,C
42,90,B
82,29,B
77,31,B
10,16,C
23,83,B
36,80,B
29,55,B
21,29,C
80,49,B
54,13,C
12,38,C
21,73,B
81,32,B
25,98,B
47,75,B
53,72,B
33,53,B
15,37,C
51,89,A
60,47,B
20,81,B
65,37,B
32,20,C
100,41,A
20,23,C
85,75,A
97,20,B
48,59,B
66,18,B
86,45,B
100,79,A
15,16,C
14,60,C
74,56,B
65,41,B
93,99,A
79,14,B
38,93,B
22,29,C
91,17,B
97,29,B
27,20,C
36,45,B
26,18,C
98,60,A
76,69,A
53,11,C
20,83,B
60,36,B
88,32,B
76,36,B
78,20,B
46,78,B
58,47,B
15,59,C
86,47,B
87,77,A
59,49,B
50,57,B
98,66,A
53,40,B
25,67,B
21,19,C
19,12,C
61,77,B
68,28,B
61,28,B
70,98,A
13,69,B
66,84,A
92,39,B
91,52,A
86,85,A
41,90,B
20,94,B
10,54,C
26,31,C
65,75,A
61,23,B
49,39,B
45,45,B
28,83,B
37,41,C
67,46,B
78,84,A
63,70,B
66,63,B
34,99,B
17,39,C
86,29,B
33,19,C
12,97,B
17,17,C
29,17,C
15,95,B
35,19,C
50,89,B
82,23,B
65,35,B
95,35,B
75,34,B
26,60,B
10,77,B
65,38,B
81,48,B
12,33,C
24,55,C
30,81,B
99,74,A
64,45,B
87,84,A
32,32,C
59,16,C
18,97,B
22,57,C
90,27,B
50,76,B
36,24,C
77,56,B
20,67,B
31,22,C
20,39,C
59,56,B
24,90,B
100,51,A
85,30,B
28,37,C
51,57,B
24,24,C
73,81,A
71,29,B
44,44,B
74,72,A
74,65,B
56,96,A
48,89,B
51,41,B
86,19,B
62,51,B
23,95,B
35,89,B
65,36,B
77,57,B
87,38,B
21,56,C
14,62,C
11,11,C
65,92,A
51,85,B
21,89,B
98,85,A
71,22,B
75,68,A
42,53,B
73,50,B
19,35,C
37,23,C
86,24,B
89,86,A
13,78,B
13,80,B
18,42,C
79,29,B
35,89,B
56,62,B
92,67,A
25,62,B
98,79,A
35,10,C
94,97,A
25,28,C
47,74,B
64,93,A
86,72,A
30,13,C
40,27,C
49,11,C
19,31,C
90,11,B
83,70,A
74,50,B
55,87,A
94,68,A
44,76,B
46,85,B
61,22,B
81,66,A
93,69,A
41,83,B
17,75,B
59,84,A
99,10,B
20,72,B
41,95,B
71,97,A
24,42,C
52,17,C
39,80,B
77,67,A
90,86,A
20,97,B
92,60,A
71,90,A
46,59,B
36,64,B
50,21,C
39,87,B
12,26,C
66,76,A
80,83,A
76,100,A
32,67,B
60,62,B
46,46,B
19,38,C
28,24,C
31,66,B
32,52,B
71,35,B
27,86,B
51,79,B
32,88,B
28,93,B
39,96,B
47,56,B
51,31,B
72,93,A
68,24,B
54,97,A
38,82,B
22,43,C
30,17,C
30,19,C
83,28,B
87,82,A
15,17,C
53,59,B
92,12,B
87,38,B
54,75,B
54,76,B
86,84,A
19,92,B
48,50,B
39,67,B
45,95,A
41,81,B
37,13,C
75,43,B
46,42,B
35,76,B
26,45,C
32,38,C
71,66,B
22,61,B
77,94,A
51,54,B
69,42,B
66,27,B
15,13,C
54,30,B
28,92,B
35,59,B
39,47,B
50,85,B
27,42,C
91,27,B
34,58,B
10,67,C
47,33,B
24,75,B
59,71,B
69,75,A
61,91,A
16,36,C
87,62,A
54,54,B
40,48,B
30,73,B
95,50,A
70,98,A
36,58,B
68,45,B
98,20,B
52,47,B
26,66,B
88,17,B
44,24,C
71,51,B
90,59,A
10,85,B
91,41,B
36,81,B
35,55,B
33,32,C
96,45,A
69,87,A
74,23,B
58,38,B
15,13,C
43,41,B
69,30,B
17,71,B
15,62,C
65,17,B
24,10,C
48,36,B
34,94,B
94,14,B
29,91,B
76,37,B
80,44,B
92,63,A
80,55,B
35,24,C
76,60,B
74,72,A
40,89,B
20,15,C
71,26,B
53,96,A
70,87,A
71,17,B
27,73,B
24,76,B
69,55,B
38,12,C
42,37,C
70,16,B
56,16,C
98,27,B
89,84,A
65,98,A
53,57,B
12,88,B
13,76,B
74,98,A
20,29,C
79,14,B
80,18,B
17,90,B
69,10,C
84,79,A
56,16,C
52,21,C
96,32,B
73,40,B
95,68,A
76,24,B
67,44,B
34,79,B
40,28,C
77,82,A
12,62,C
85,62,A
33,67,B
83,53,B
14,36,C
99,75,A
30,38,C
45,32,C
17,79,B
71,86,A
93,46,B
88,94,A
45,25,C
38,27,C
81,34,B
24,42,C
61,38,B
56,94,A
57,95,A
45,41,B
31,61,B
83,92,A
39,63,B
87,72,A
38,89,B
81,66,A
14,38,C
35,86,B
80,88,A
68,63,B
71,91,A
14,21,C
94,84,A
30,18,C
67,44,B
80,41,B
75,39,B
24,40,C
91,54,A
18,71,B
60,96,A
30,50,B
43,96,B
64,15,C
15,83,B
72,90,A
84,75,A
50,94,A
60,39,B
73,21,B
31,42,C
91,83,A
37,96,B
72,69,A
86,96,A
61,56,B
92,46,B
78,16,B
89,11,B
53,17,C
49,47,B
10,97,B
76,32,B
31,39,C
97,16,B
11,53,C
52,76,B
89,25,B
17,14,C
10,37,C
79,20,B
78,42,B
78,78,A
44,55,B
15,100,B
44,97,A
65,41,B
72,94,A
65,47,B
68,88,A
27,72,B
79,95,A
12,44,C
92,100,A
35,93,B
31,10,C
18,80,B
37,62,B
96,75,A
38,62,B
59,89,A
42,86,B
71,84,A
52,12,C
21,83,B
49,97,A
30,48,C
74,46,B
44,96,A
37,75,B
88,40,B
33,14,C
66,80,A
80,94,A
11,37,C
13,48,C
11,29,C
99,25,B
29,100,B
72,84,A
98,72,A
80,63,A
64,54,B
13,92,B
84,81,A
50,44,B
68,28,B
23,52,C
45,36,B
75,62,B
66,78,A
60,91,A
76,20,B
54,37,B
62,82,A
39,99,B
60,41,B
40,62,B
65,14,C
41,62,B
27,28,C
64,22,B
83,35,B
66,67,B
98,45,A
73,91,A
87,64,A
95,65,A
90,14,B
50,65,B
78,37,B
37,19,C
75,45,B
60,94,A
35,28,C
72,18,B
61,25,B
66,89,A
93,69,A
43,44,B
52,32,B
25,95,B
72,57,B
72,16,B
59,33,B
11,17,C
26,63,B
53,52,B
54,97,A
55,33,B
34,64,B
13,30,C
23,25,C
25,28,C
67,49,B
56,37,B
19,69,B
32,34,C
50,39,B
41,89,B
69,80,A
100,77,A
34,27,C
73,23,B
29,43,C
20,30,C
94,34,B
57,100,A
71,38,B
83,65,A
89,13,B
34,25,C
60,24,B
65,59,B
75,74,A
66,70,B
17,13,C
89,54,A
63,29,B
55,75,B
57,51,B
97,96,A
18,32,C
96,89,A
30,28,C
28,19,C
99,63,A
24,35,C
29,45,C
64,61,B
78,77,A
82,32,B
84,84,A
87,11,B
76,90,A
57,89,A
83,78,A
92,31,B
68,93,A
88,63,A
55,33,B
13,77,B
61,38,B
20,74,B
98,75,A
91,34,B
99,97,A
34,68,B
46,36,B
25,18,C
76,37,B
83,55,B
44,96,A
15,96,B
16,59,C
51,45,B
70,91,A
77,61,B
39,18,C
22,54,C
26,48,C
28,42,C
11,68,C
21,77,B
30,43,C
24,99,B
69,78,A
51,78,B
44,38,B
61,77,B
71,59,B
62,43,B
29,74,B
99,64,A
76,91,A
35,60,B
40,42,B
97,82,A
71,79,A
87,35,B
54,79,B
16,54,C
24,68,B
97,97,A
27,60,B
94,74,A
81,94,A
90,30,B
10,33,C
33,63,B
69,97,A
98,73,A
38,80,B
86,65,A
19,100,B
53,17,C
62,11,C
80,76,A
29,31,C
55,72,B
25,86,B
85,50,B
25,83,B
28,34,C
17,69,B
64,70,B
51,90,A
37,81,B
61,56,B
54,91,A
10,89,B
96,59,A
23,100,B
76,81,A
70,17,B
81,44,B
18,77,B
60,72,B
97,83,A
19,41,C
54,56,B
77,93,A
35,78,B
69,92,A
85,33,B
97,28,B
73,72,A
50,84,B
88,93,A
25,85,B
67,48,B
62,49,B
87,38,B
84,82,A
16,16,C
31,73,B
12,98,B
39,39,C
96,97,A
90,12,B
67,17,B
34,100,B
42,44,B
60,65,B
38,62,B
30,77,B
12,78,B
88,15,B
15,88,B
42,96,B
82,44,B
82,24,B
67,83,A
98,87,A
39,96,B
29,67,B
79,10,B
91,27,B
92,87,A
21,17,C
55,61,B
13,72,B
26,39,C
19,58,C
90,79,A
25,99,B
25,52,C
61,98,A
30,15,C
37,96,B
59,33,B
51,58,B
11,59,C
66,54,B
90,80,A
77,37,B
40,87,B
14,51,C
97,25,B
100,48,A
63,64,B
69,83,A
56,89,A
84,60,A
14,38,C
10,10,C
52,70,B
43,12,C
97,31,B
78,94,A
36,63,B
81,22,B
37,67,B
92,56,A
54,30,B
96,97,A
86,12,B
51,29,B
11,81,B
89,93,A
40,53,B
55,94,A
23,60,B
46,30,C
30,81,B
41,18,C
96,88,A
28,19,C
21,76,B
99,37,B
49,89,B
72,81,A
93,19,B
81,32,B
94,96,A
91,48,B
62,53,B
92,11,B
97,63,A
82,77,A
68,15,B
90,84,A
80,57,B
79,80,A
47,37,B
30,84,B
48,36,B
77,16,B
82,45,B
77,21,B
57,52,B
23,22,C
62,27,B
13,23,C
18,11,C
48,57,B
24,98,B
88,30,B
51,97,A
71,52,B
33,35,C
24,64,B
21,94,B
83,27,B
16,47,C
74,61,B
79,53,B
76,38,B
64,79,A
58,93,A
45,46,B
82,63,A
55,11,C
58,79,B
27,41,C
29,95,B
18,50,C
32,72,B
87,40,B
80,85,A
95,72,A
58,91,A
86,37,B
44,29,C
29,65,B
82,66,A
44,39,B
30,78,B
11,57,C
71,88,A
39,33,C
57,84,A
21,67,B
21,90,B
50,78,B
53,20,C
47,35,B
29,19,C
81,91,A
15,86,B
96,31,B
76,64,A
85,82,A
27,24,C
33,26,C
50,13,C
54,78,B
95,65,A
62,85,A
62,42,B
41,47,B
68,55,B
67,34,B
79,15,B
40,40,B
85,15,B
48,98,A
47,38,B
37,14,C
68,58,B
28,53,B
29,45,C
82,52,B
82,96,A
22,58,B
85,58,A
46,96,A
33,75,B
24,82,B
17,44,C
65,29,B
37,37,C
57,57,B
94,72,A
44,25,C
74,91,A
62,41,B
19,40,C
89,50,B
35,33,C
49,29,C
23,48,C
91,71,A
66,35,B
73,89,A
84,23,B
23,37,C
41,47,B
69,99,A
64,16,B
55,48,B
97,47,A
42,36,C
77,42,B
84,82,A
76,38,B
30,27,C
33,33,C
52,100,A
77,52,B
90,84,A
98,43,A
21,98,B
88,37,B
18,21,C
38,29,C
94,70,A
32,14,C
72,70,A
82,42,B
15,36,C
26,40,C
54,46,B
55,73,B
33,40,C
80,51,B
68,92,A
71,70,A
15,90,B
30,37,C
21,65,B
76,77,A
67,22,B
20,93,B
59,16,C
84,61,A
54,59,B
56,20,C
82,93,A
77,42,B
83,27,B
18,27,C
96,57,A
89,54,A
26,23,C
27,63,B
100,92,A
100,18,B
55,88,A
100,75,A
78,58,B
33,83,B
76,89,A
25,25,C
11,42,C
49,42,B
43,14,C
15,74,B
24,62,B
79,18,B
32,14,C
72,57,B
64,40,B
98,88,A
42,36,C
78,77,A
94,82,A
61,78,B
47,95,A
12,82,B
52,71,B
62,65,B
28,25,C
65,95,A
93,97,A
71,31,B
67,86,A
75,22,B
45,63,B
36,42,C
15,57,C
39,18,C
22,84,B
10,90,B
66,72,B
98,31,B
18,76,B
67,25,B
14,38,C
100,11,B
59,75,B
13,91,B
65,11,C
13,92,B
35,56,B
11,63,C
80,58,B
31,40,C
94,94,A
75,28,B
88,85,A
33,76,B
18,68,B
32,51,B
94,29,B
21,93,B
28,92,B
78,76,A
38,19,C
15,42,C
16,95,B
84,69,A
62,32,B
23,92,B
49,10,C
48,15,C
49,30,C
43,34,C
84,49,B
96,90,A
52,54,B
31,56,B
46,14,C
34,42,C
64,22,B
38,12,C
72,83,A
95,31,B
22,58,B
61,13,C
20,77,B
89,91,A
95,84,A
45,66,B
43,20,C
93,16,B
51,86,B
56,52,B
76,76,A
61,49,B
34,51,B
11,43,C
45,45,B
17,94,B
41,14,C
89,80,A
35,76,B
73,59,B
24,50,C
32,58,B
32,13,C
57,82,B
57,55,B
90,70,A
40,84,B
70,97,A
71,62,B
42,64,B
54,93,A
93,91,A
98,49,A
10,16,C
50,72,B
17,100,B
70,40,B
74,99,A
70,67,B
65,70,B
30,62,B
94,35,B
28,15,C
67,12,C
17,50,C
62,31,B
76,47,B
85,65,A
39,57,B
56,44,B
74,24,B
58,12,C
68,18,B
70,51,B
61,20,B
40,85,B
49,68,B
84,78,A
94,36,B
56,42,B
47,70,B
95,82,A
35,72,B
65,82,A
64,25,B
23,96,B
89,87,A
87,47,B
36,90,B
17,41,C
60,83,A
54,44,B
95,49,A
44,97,A
47,51,B
49,65,B
87,33,B
24,80,B
10,21,C
60,74,B
62,86,A
80,56,B
87,70,A
95,12,B
19,30,C
99,91,A
34,38,C
28,86,B
19,11,C
43,91,B
74,93,A
31,47,C
54,49,B
98,22,B
46,69,B
44,12,C
23,48,C
75,46,B
10,56,C
17,100,B
80,57,B
16,22,C
57,39,B
96,99,A
37,11,C
16,81,B
95,18,B
84,77,A
62,50,B
97,67,A
44,47,B
91,15,B
59,45,B
53,43,B
11,91,B
15,78,B
39,88,B
31,23,C
94,46,A
40,12,C
100,93,A
98,46,A
50,40,B
43,52,B
63,32,B
38,19,C
46,92,B
20,60,B
81,27,B
54,56,B
26,26,C
46,48,B
16,65,B
14,64,C
31,43,C
34,17,C
22,34,C
83,26,B
36,41,C
20,13,C
39,97,B
46,81,B
47,34,B
89,53,A
47,40,B
64,87,A
54,31,B
96,57,A
68,88,A
81,21,B
32,17,C
75,32,B
63,18,B
20,55,C
55,27,B
31,76,B
36,49,B
11,19,C
23,98,B
20,89,B
65,82,A
67,90,A
27,28,C
84,61,A
10,52,C
58,13,C
44,20,C
52,33,B
47,57,B
13,62,C
19,37,C
25,99,B
63,47,B
17,91,B
30,67,B
87,47,B
92,24,B
85,12,B
99,13,B
20,41,C
55,83,B
98,47,A
76,25,B
24,37,C
39,35,C
42,66,B
57,65,B
40,73,B
89,54,A
21,25,C
92,52,A
50,15,C
37,20,C
13,12,C
19,26,C
59,39,B
75,62,B
61,16,C
81,41,B
23,43,C
80,35,B
11,10,C
45,75,B
65,36,B
82,51,B
80,57,B
62,97,A
54,30,B
78,37,B
29,13,C
41,97,B
35,57,B
71,97,A
79,66,A
88,28,B
15,89,B
63,31,B
66,36,B
17,41,C
27,30,C
51,23,C
67,13,B
84,99,A
22,45,C
26,100,B
76,68,A
14,28,C
54,42,B
25,64,B
72,76,A
45,42,B
17,24,C
57,100,A
74,13,B
24,67,B
78,14,B
30,34,C
29,73,B
55,74,B
13,74,B
44,54,B
51,75,B
20,59,C
59,22,B
84,72,A
57,97,A
55,96,A
87,24,B
94,56,A
61,85,A
52,29,B
96,51,A
65,45,B
10,62,C
11,24,C
23,48,C
67,45,B
82,69,A
66,24,B
23,18,C
59,66,B
12,72,B
48,32,B
47,14,C
89,79,A
68,95,A
33,79,B
30,31,C
99,55,A
35,96,B
40,30,C
22,49,C
48,10,C
57,46,B
36,52,B
78,94,A
21,14,C
14,67,B
80,57,B
85,10,B
81,39,B
34,29,C
94,67,A
78,89,A
25,49,C
12,22,C
97,26,B
36,77,B
72,43,B
59,53,B
16,68,B
37,14,C
71,89,A
33,75,B
35,88,B
74,20,B
60,69,B
100,88,A
76,95,A
52,18,C
42,29,C
14,85,B
80,48,B
36,62,B
27,14,C
76,29,B
33,60,B
36,24,C
94,21,B
13,85,B
15,37,C
25,85,B
25,36,C
86,67,A
27,94,B
31,29,C
85,98,A
53,98,A
68,45,B
44,64,B
97,77,A
25,66,B
70,53,B
44,98,A
10,11,C
30,70,B
79,76,A
61,81,A
49,20,C
91,25,B
80,50,B
13,81,B
17,85,B
31,23,C
34,66,B
90,72,A
99,19,B
62,14,C
27,93,B
87,27,B
65,15,B
10,11,C
16,12,C
28,26,C
99,42,A
76,71,A
49,68,B
45,76,B
60,37,B
64,74,B
93,65,A
58,81,B
64,74,B
53,21,C
89,91,A
66,29,B
63,60,B
36,76,B
24,29,C
55,17,C
53,19,C
29,97,B
46,32,C
44,77,B
72,21,B
71,33,B
12,48,C
97,93,A
88,58,A
98,29,B
10,30,C
24,26,C
55,28,B
28,45,C
98,27,B
28,39,C
84,47,B
25,38,C
29,10,C
58,34,B
50,94,A
48,100,A
45,35,B
89,82,A
74,64,B
78,35,B
85,83,A
78,32,B
56,50,B
23,31,C
77,74,A
38,24,C
93,83,A
75,16,B
44,42,B
96,63,A
44,21,C
11,71,B
60,87,A
87,19,B
37,47,B
23,66,B
21,60,B
51,39,B
42,73,B
56,37,B
18,78,B
87,83,A
93,21,B
61,77,B
35,76,B
87,69,A
40,79,B
98,82,A
56,24,B
32,41,C
66,34,B
74,53,B
25,96,B
45,24,C
46,46,B
21,14,C
88,100,A
93,74,A
72,55,B
14,33,C
67,71,B
46,49,B
16,71,B
58,58,B
49,71,B
41,64,B
60,51,B
45,98,A
63,52,B
73,52,B
48,22,C
76,76,A
34,81,B
17,33,C
91,94,A
89,61,A
95,41,B
23,41,C
73,15,B
22,57,C
21,96,B
97,16,B
59,90,A
43,68,B
75,88,A
48,85,B
60,11,C
96,71,A
42,52,B
24,48,C
42,66,B
68,80,A
25,48,C
79,18,B
92,38,B
41,69,B
95,28,B
77,18,B
16,94,B
52,25,C
89,65,A
64,54,B
73,94,A
10,52,C
100,93,A
81,65,A
14,12,C
75,45,B
13,41,C
77,51,B
11,34,C
36,58,B
82,100,A
94,25,B
23,15,C
10,42,C
49,19,C
34,99,B
84,42,B
100,27,B
31,41,C
82,65,A
96,55,A
92,45,B
70,67,B
47,32,C
53,27,B
66,100,A
68,56,B
10,56,C
60,52,B
65,25,B
20,45,C
67,99,A
95,68,A
89,57,A
60,89,A
92,12,B
37,99,B
73,18,B
89,39,B
29,72,B
15,52,C
67,16,B
68,99,A
79,86,A
86,12,B
26,75,B
96,95,A
89,71,A
27,68,B
70,78,A
86,83,A
68,70,B
58,13,C
95,66,A
13,56,C
32,54,B
91,81,A
12,84,B
100,74,A
49,54,B
58,45,B
56,64,B
18,30,C
79,54,B
53,51,B
96,77,A
76,53,B
83,20,B
32,69,B
33,31,C
22,59,B
76,22,B
68,74,A
100,20,B
16,22,C
85,49,B
97,40,B
66,55,B
23,65,B
78,69,A
88,19,B
16,84,B
91,29,B
37,91,B
99,20,B
71,70,A
95,34,B
29,23,C
75,53,B
83,37,B
53,26,C
44,58,B
60,92,A
25,78,B
93,79,A
33,41,C
46,33,C
94,84,A
92,41,B
21,93,B
67,84,A
76,24,B
51,75,B
52,58,B
42,78,B
43,74,B
77,75,A
63,26,B
95,30,B
43,25,C
93,46,B
93,90,A
19,79,B
56,38,B
11,58,C
99,21,B
14,91,B
59,62,B
36,61,B
61,27,B
16,76,B
77,23,B
34,25,C
56,32,B
83,52,B
27,13,C
24,63,B
62,69,B
31,82,B
57,95,A
41,63,B
24,35,C
57,56,B
89,67,A
62,64,B
83,58,A
56,63,B
63,94,A
35,42,C
94,30,B
46,88,B
17,67,B
74,94,A
20,76,B
59,31,B
14,80,B
59,72,B
36,16,C
19,46,C
61,12,C
19,63,B
85,23,B
93,18,B
84,62,A
46,41,B
56,32,B
25,61,B
90,80,A
50,97,A
61,78,B
22,54,C
35,12,C
26,28,C
67,40,B
16,69,B
91,32,B
32,12,C
39,85,B
29,29,C
53,90,A
51,51,B
66,31,B
81,67,A
34,61,B
55,71,B
29,99,B
36,22,C
22,30,C
36,31,C
23,75,B
53,65,B
62,37,B
94,91,A
58,11,C
92,88,A
79,57,B
53,92,A
90,96,A
97,90,A
69,22,B
16,12,C
93,40,B
12,51,C
91,80,A
98,48,A
17,75,B
24,10,C
89,30,B
45,31,C
60,99,A
43,99,A
33,59,B
46,31,C
86,90,A
98,85,A
63,69,B
29,84,B
55,92,A
70,43,B
45,48,B
72,80,A
74,92,A
46,93,B
39,90,B
20,43,C
23,73,B
74,70,A
93,19,B
76,16,B
97,31,B
15,52,C
55,52,B
29,45,C
84,25,B
74,85,A
38,33,C
14,76,B
23,92,B
69,25,B
73,82,A
84,36,B
64,45,B
15,11,C
64,99,A
43,36,C
44,83,B
94,71,A
93,41,B
30,70,B
80,18,B
85,39,B
13,69,B
55,35,B
55,81,B
78,53,B
82,27,B
48,47,B
55,29,B
81,53,B
23,77,B
13,44,C
79,27,B
18,71,B
56,98,A
69,87,A
51,80,B
49,12,C
93,91,A
78,23,B
58,98,A
63,45,B
25,28,C
67,82,A
12,83,B
16,64,B
35,33,C
83,43,B
60,77,B
46,78,B
35,82,B
87,15,B
61,67,B
26,66,B
84,35,B
37,60,B
27,34,C
83,24,B
56,73,B
68,43,B
10,74,B
63,97,A
34,17,C
37,22,C
10,70,B
19,17,C
87,81,A
14,85,B
10,11,C
93,36,B
51,63,B
78,57,B
70,30,B
40,87,B
77,61,B
20,76,B
74,35,B
64,24,B
56,71,B
53,51,B
81,97,A
32,99,B
84,78,A
26,91,B
93,35,B
57,35,B
65,88,A
90,48,B
49,91,A
69,63,B
96,80,A
16,36,C
81,43,B
35,87,B
78,53,B
95,78,A
27,64,B
57,73,B
78,19,B
16,55,C
73,93,A
28,34,C
50,48,B
84,77,A
36,55,B
42,49,B
89,44,B
47,45,B
17,35,C
11,13,C
25,92,B
87,53,A
82,57,B
43,26,C
36,26,C
60,100,A
75,88,A
42,97,B
86,41,B
21,73,B
52,53,B
53,67,B
75,15,B
27,17,C
72,89,A
35,51,B
73,71,A
58,18,C
75,37,B
44,60,B
52,74,B
41,65,B
71,88,A
33,44,C
57,79,B
93,14,B
70,65,B
68,22,B
21,86,B
77,51,B
79,45,B
70,62,B
37,70,B
69,27,B
13,40,C
36,31,C
56,26,B
42,89,B
14,39,C
91,78,A
22,12,C
25,12,C
84,11,B
21,26,C
31,15,C
50,48,B
90,97,A
73,37,B
49,97,A
22,88,B
90,22,B
51,88,B
92,55,A
98,82,A
12,65,C
34,44,C
97,85,A
88,35,B
36,30,C
73,77,A
57,87,A
77,74,A
47,27,C
70,72,A
48,21,C
62,77,B
35,78,B
99,43,A
33,31,C
19,84,B
42,40,B
65,48,B
64,29,B
47,24,C
72,27,B
97,91,A
23,19,C
65,72,B
62,14,C
61,19,B
27,43,C
53,88,A
41,51,B
15,82,B
48,34,B
74,38,B
47,13,C
71,32,B
50,73,B
61,72,B
59,60,B
60,37,B
71,54,B
31,82,B
11,16,C
72,13,B
32,92,B
18,33,C
34,32,C
94,36,B
11,10,C
84,65,A
22,85,B
13,49,C
37,46,B
58,11,C
75,79,A
98,71,A
29,95,B
21,23,C
85,59,A
13,13,C
51,86,B
44,15,C
49,58,B
56,20,C
28,14,C
22,83,B
37,99,B
37,28,C
39,53,B
86,38,B
32,86,B
29,73,B
70,63,B
20,72,B
64,59,B
57,84,A
56,35,B
14,47,C
62,69,B
66,80,A
72,10,B
34,67,B
88,83,A
35,52,B
28,94,B
23,50,C
64,66,B
26,79,B
59,57,B
76,23,B
82,44,B
34,61,B
35,12,C
80,64,A
39,30,C
96,24,B
92,67,A
15,40,C
43,14,C
82,31,B
22,26,C
55,12,C
51,97,A
25,12,C
39,53,B
83,27,B
60,73,B
12,48,C
42,43,B
26,20,C
40,10,C
58,22,B
15,45,C
35,85,B
40,96,B
85,90,A
71,54,B
31,70,B
31,10,C
62,76,B
33,13,C
72,26,B
78,27,B
83,84,A
93,81,A
13,60,C
47,19,C
63,34,B
37,63,B
11,28,C
24,81,B
99,80,A
95,47,A
34,75,B
14,95,B
64,85,A
95,15,B
81,12,B
47,96,A
78,24,B
59,14,C
24,16,C
91,17,B
36,64,B
43,44,B
23,57,B
84,17,B
77,18,B
94,39,B
68,16,B
21,50,C
81,86,A
32,45,C
19,60,C
23,68,B
84,84,A
43,47,B
71,30,B
87,73,A
98,95,A
46,51,B
17,69,B
88,15,B
29,20,C
52,66,B
87,55,A
39,16,C
94,29,B
12,66,C
35,37,C
96,60,A
15,42,C
24,52,C
33,21,C
57,10,C
84,97,A
63,43,B
12,85,B
29,79,B
93,80,A
27,38,C
53,74,B
71,67,B
12,88,B
90,57,A
11,25,C
78,90,A
52,25,C
38,89,B
88,46,B
76,70,A
40,34,C
19,17,C
83,71,A
35,60,B
31,74,B
21,65,B
80,58,B
62,76,B
50,55,B
72,24,B
51,88,B
81,12,B
81,65,A
47,23,C
97,21,B
39,48,B
36,11,C
69,26,B
17,41,C
38,13,C
23,24,C
16,37,C
15,42,C
34,17,C
59,26,B
33,64,B
58,98,A
66,80,A
10,80,B
76,62,B
50,77,B
80,96,A
46,99,A
95,54,A
96,32,B
93,61,A
14,33,C
28,22,C
60,90,A
65,32,B
83,33,B
48,51,B
72,66,B
41,72,B
81,51,B
58,32,B
18,16,C
92,50,A
94,100,A
46,95,A
42,35,C
94,27,B
92,75,A
47,51,B
12,91,B
77,25,B
37,90,B
12,58,C
86,31,B
87,20,B
55,18,C
57,89,A
46,54,B
77,91,A
25,77,B
33,47,B
11,77,B
14,70,B
56,73,B
42,52,B
71,24,B
36,15,C
16,24,C
85,89,A
35,93,B
36,79,B
57,77,B
100,84,A
89,30,B
53,38,B
22,96,B
36,83,B
58,14,C
58,50,B
16,71,B
14,76,B
69,53,B
95,42,B
86,64,A
59,47,B
63,27,B
34,39,C
44,10,C
71,51,B
82,100,A
47,67,B
80,16,B
68,71,B
21,76,B
76,81,A
40,30,C
21,97,B
12,21,C
65,38,B
51,45,B
63,51,B
63,13,C
77,15,B
46,18,C
60,69,B
68,57,B
54,67,B
40,18,C
60,94,A
87,33,B
97,11,B
23,91,B
55,22,C
34,16,C
63,13,C
39,48,B
64,47,B
33,94,B
64,10,C
44,16,C
10,43,C
21,94,B
38,56,B
95,25,B
57,100,A
68,88,A
89,65,A
69,38,B
72,31,B
88,73,A
97,26,B
21,83,B
63,41,B
72,95,A
94,74,A
21,92,B
25,67,B
80,17,B
23,100,B
28,11,C
93,97,A
14,38,C
17,72,B
97,11,B
72,24,B
86,36,B
52,78,B
83,94,A
52,72,B
86,68,A
29,89,B
31,18,C
41,15,C
53,45,B
99,20,B
43,74,B
12,40,C
76,11,B
84,57,A
80,37,B
62,48,B
52,76,B
60,97,A
57,28,B
40,43,B
28,12,C
58,69,B
27,88,B
56,17,C
65,55,B
14,94,B
64,65,B
95,46,A
12,55,C
37,57,B
41,25,C
37,22,C
94,27,B
97,88,A
39,85,B
36,87,B
54,13,C
92,44,B
52,26,C
98,33,B
57,13,C
75,100,A
36,67,B
30,66,B
66,90,A
16,10,C
75,15,B
52,73,B
53,28,B
31,56,B
24,37,C
28,28,C
72,23,B
48,15,C
13,89,B
22,47,C
21,47,C
27,77,B
76,36,B
10,35,C
39,40,C
11,23,C
32,35,C
12,17,C
46,27,C
60,31,B
81,15,B
62,56,B
98,60,A
70,92,A
41,74,B
84,89,A
58,31,B
46,31,C
31,55,B
88,74,A
98,80,A
50,19,C
56,35,B
67,80,A
14,31,C
17,45,C
38,46,B
59,38,B
27,68,B
90,13,B
67,49,B
44,45,B
10,20,C
99,97,A
73,97,A
15,15,C
94,66,A
36,94,B
39,66,B
90,69,A
79,86,A
39,13,C
64,10,C
12,64,C
31,45,C
58,56,B
91,43,B
17,35,C
63,59,B
74,34,B
22,50,C
62,84,A
97,60,A
67,88,A
50,21,C
63,28,B
41,70,B
34,67,B
33,14,C
42,96,B
46,53,B
91,72,A
25,87,B
81,48,B
32,20,C
45,77,B
72,96,A
71,98,A
51,69,B
39,83,B
30,97,B
91,80,A
77,32,B
83,14,B
61,71,B
82,62,A
53,10,C
82,96,A
30,90,B
36,76,B
30,97,B
82,79,A
92,96,A
50,97,A
56,31,B
63,41,B
75,62,B
89,33,B
83,79,A
56,13,C
25,29,C
31,61,B
18,90,B
12,96,B
67,51,B
75,25,B
43,53,B
94,37,B
33,90,B
61,99,A
85,94,A
67,61,B
54,82,B
83,98,A
79,30,B
39,63,B
38,12,C
35,92,B
57,51,B
45,87,B
89,36,B
26,23,C
56,73,B
19,21,C
62,15,C
79,59,B
97,73,A
41,97,B
17,34,C
52,42,B
99,72,A
15,38,C
57,91,A
96,50,A
71,63,B
56,41,B
31,85,B
27,85,B
57,23,B
59,55,B
89,44,B
99,27,B
95,53,A
53,74,B
55,30,B
52,11,C
70,21,B
34,70,B
92,42,B
52,31,B
24,21,C
91,70,A
46,11,C
17,56,C
64,61,B
28,15,C
12,71,B
79,80,A
22,74,B
55,94,A
53,45,B
31,44,C
34,70,B
51,12,C
51,12,C
90,30,B
75,33,B
36,22,C
41,66,B
50,16,C
93,17,B
17,69,B
38,84,B
99,74,A
79,72,A
20,24,C
79,59,B
55,38,B
19,44,C
66,99,A
64,33,B
26,88,B
57,30,B
64,41,B
22,59,B
46,75,B
43,54,B
18,71,B
16,55,C
94,83,A
84,23,B
68,14,B
97,67,A
69,67,B
82,22,B
89,31,B
62,10,C
22,27,C
74,64,B
60,100,A
49,99,A
91,92,A
75,61,B
98,71,A
37,26,C
95,23,B
58,44,B
47,81,B
13,61,C
55,58,B
40,71,B
41,29,C
100,81,A
93,96,A
82,49,B
24,65,B
66,97,A
42,10,C
10,35,C
38,55,B
58,45,B
45,66,B
54,78,B
74,90,A
68,72,A
71,71,A
37,77,B
75,56,B
42,29,C
21,69,B
29,10,C
64,21,B
37,36,C
53,12,C
58,73,B
82,16,B
59,37,B
94,23,B
15,45,C
82,35,B
37,34,C
80,28,B
10,65,C
62,54,B
43,44,B
19,35,C
34,97,B
72,92,A
29,56,B
25,60,B
54,30,B
73,83,A
42,65,B
68,22,B
81,48,B
37,50,B
56,95,A
100,69,A
61,87,A
55,54,B
45,97,A
69,37,B
86,97,A
32,40,C
40,74,B
83,54,B
69,62,B
56,33,B
65,71,B
12,90,B
75,21,B
95,100,A
28,87,B
98,94,A
85,24,B
50,90,A
93,78,A
98,41,B
89,50,B
15,99,B
90,56,A
30,89,B
50,89,B
42,49,B
83,49,B
85,46,B
66,55,B
85,38,B
78,96,A
21,87,B
60,32,B
43,76,B
25,14,C
14,14,C
68,88,A
91,50,A
18,11,C
34,10,C
85,17,B
41,79,B
11,47,C
80,48,B
34,32,C
44,99,A
12,57,C
72,22,B
30,47,C
86,45,B
85,47,B
81,44,B
11,70,B
66,62,B
43,100,A
81,96,A
79,27,B
28,76,B
25,86,B
58,53,B
26,92,B
40,73,B
52,32,B
34,24,C
35,48,B
56,16,C
16,50,C
21,89,B
64,40,B
92,87,A
21,33,C
24,23,C
95,59,A
39,99,B
47,17,C
45,26,C
84,52,B
50,100,A
91,68,A
41,34,C
93,52,A
52,40,B
73,10,B
33,76,B
29,55,B
70,17,B
14,14,C
35,35,C
54,74,B
89,47,B
43,38,B
23,25,C
49,74,B
41,59,B
82,96,A
86,84,A
30,38,C
75,31,B
33,80,B
17,63,B
39,77,B
37,31,C
51,78,B
49,91,A
79,48,B
96,20,B
27,94,B
68,76,A
59,82,A
97,81,A
11,57,C
68,41,B
47,56,B
62,40,B
54,50,B
66,51,B
13,48,C
61,22,B
40,94,B
23,67,B
91,82,A
86,55,A
17,86,B
98,55,A
100,78,A
73,88,A
46,43,B
29,31,C
70,76,A
12,15,C
100,66,A
11,15,C
28,50,C
74,66,A
29,80,B
64,92,A
36,94,B
39,39,C
63,71,B
50,36,B
71,21,B
92,95,A
90,18,B
83,13,B
30,24,C
67,62,B
29,24,C
52,96,A
64,65,B
78,84,A
37,43,B
32,94,B
92,46,B
95,76,A
24,69,B
17,27,C
37,38,C
52,94,A
12,34,C
76,86,A
21,91,B
71,44,B
60,43,B
46,23,C
50,30,B
18,45,C
91,38,B
53,13,C
21,72,B
41,68,B
52,65,B
28,44,C
72,53,B
24,70,B
85,74,A
96,59,A
29,40,C
78,79,A
18,29,C
31,67,B
59,94,A
88,82,A
24,17,C
22,38,C
92,55,A
25,81,B
84,94,A
16,37,C
41,91,B
16,14,C
40,65,B
98,93,A
62,19,B
85,29,B
90,91,A
45,90,B
89,99,A
54,10,C
40,30,C
85,53,B
24,40,C
29,80,B
23,83,B
12,94,B
37,71,B
37,82,B
100,36,B
45,95,A
11,83,B
63,47,B
33,90,B
77,89,A
56,55,B
25,50,C
25,54,C
63,96,A
49,12,C
37,14,C
19,66,B
19,42,C
20,48,C
60,86,A
49,67,B
26,94,B
33,74,B
59,32,B
64,56,B
92,35,B
27,57,B
98,21,B
97,51,A
35,15,C
48,42,B
20,88,B
94,88,A
34,74,B
71,73,A
23,52,C
42,96,B
99,14,B
18,27,C
61,64,B
65,93,A
36,85,B
99,18,B
62,16,C
100,82,A
14,42,C
14,54,C
89,24,B
13,91,B
11,48,C
43,52,B
99,13,B
99,37,B
42,33,C
10,99,B
49,21,C
12,24,C
94,28,B
96,35,B
22,43,C
80,46,B
36,85,B
49,72,B
91,41,B
52,64,B
87,80,A
78,31,B
99,38,B
44,54,B
75,15,B
87,99,A
100,74,A
40,19,C
47,88,B
98,98,A
36,14,C
74,14,B
84,31,B
31,42,C
76,10,B
26,66,B
36,43,C
88,28,B
54,78,B
96,70,A
67,37,B
42,12,C
67,54,B
33,23,C
97,24,B
37,78,B
99,30,B
36,40,C
42,60,B
90,51,A
68,16,B
73,47,B
48,76,B
85,31,B
52,82,B
48,46,B
71,38,B
10,38,C
75,65,A
91,92,A
34,97,B
90,32,B
14,19,C
72,12,B
82,55,B
54,20,C
91,10,B
38,43,B
98,39,B
35,73,B
14,36,C
93,89,A
39,76,B
44,82,B
62,15,C
19,53,C
62,63,B
43,89,B
72,44,B
90,59,A
50,74,B
71,22,B
30,44,C
31,27,C
37,39,C
58,16,C
92,50,A
20,88,B
98,70,A
80,22,B
69,15,B
20,43,C
39,82,B
91,51,A
63,15,C
10,87,B
29,10,C
72,40,B
47,85,B
30,26,C
85,49,B
84,63,A
67,59,B
32,15,C
68,40,B
16,15,C
55,54,B
93,93,A
72,58,B
15,42,C
42,83,B
37,98,B
37,33,C
84,59,A
69,52,B
95,55,A
42,87,B
78,34,B
91,55,A
26,10,C
83,16,B
15,74,B
90,12,B
82,46,B
23,27,C
90,79,A
50,95,A
41,27,C
91,20,B
90,15,B
78,95,A
13,56,C
19,78,B
22,10,C
17,97,B
35,25,C
34,54,B
98,39,B
88,13,B
45,50,B
48,51,B
26,17,C
91,34,B
84,31,B
98,70,A
41,52,B
22,42,C
40,23,C
46,57,B
58,36,B
20,36,C
17,61,C
59,85,A
75,81,A
64,66,B
53,98,A
41,92,B
85,70,A
63,93,A
82,25,B
75,32,B
28,17,C
25,57,B
49,66,B
12,45,C
97,12,B
69,23,B
97,13,B
31,84,B
66,44,B
85,16,B
99,60,A
77,87,A
79,52,B
78,21,B
41,87,B
82,51,B
33,44,C
63,82,A
59,30,B
71,13,B
15,86,B
29,30,C
51,51,B
89,55,A
40,73,B
31,81,B
56,20,C
24,19,C
31,19,C
54,17,C
84,58,A
46,67,B
37,56,B
60,11,C
74,20,B
100,30,B
65,83,A
76,67,A
31,39,C
85,62,A
98,41,B
42,20,C
89,52,A
49,91,A
30,57,B
19,79,B
23,36,C
68,35,B
67,23,B
60,86,A
92,43,B
76,32,B
93,63,A
62,76,B
74,49,B
19,91,B
77,17,B
30,78,B
79,63,A
13,86,B
14,71,B
16,90,B
51,43,B
19,70,B
78,45,B
94,97,A
88,53,A
76,84,A
36,43,C
34,33,C
44,83,B
87,100,A
20,99,B
77,42,B
60,74,B
14,76,B
72,97,A
16,10,C
40,79,B
16,86,B
58,85,A
11,62,C
82,29,B
82,60,A
41,64,B
21,63,B
70,35,B
43,83,B
72,39,B
39,41,B
66,85,A
53,80,B
90,84,A
96,81,A
69,75,A
47,21,C
70,22,B
29,86,B
41,95,B
59,84,A
69,26,B
88,79,A
94,60,A
66,33,B
83,52,B
61,80,A
18,45,C
47,41,B
44,80,B
61,61,B
41,95,B
40,74,B
60,43,B
88,71,A
19,41,C
33,15,C
46,54,B
98,35,B
84,23,B
63,71,B
86,22,B
72,37,B
78,97,A
10,92,B
88,22,B
49,26,C
25,72,B
29,23,C
96,54,A
26,84,B
11,24,C
12,24,C
86,47,B
47,61,B
32,62,B
36,90,B
20,94,B
25,37,C
23,72,B
29,93,B
75,17,B
30,16,C
27,39,C
91,21,B
21,46,C
50,14,C
74,83,A
93,85,A
20,60,B
49,52,B
50,88,B
55,77,B
50,92,A
62,21,B
39,60,B
46,95,A
63,80,A
42,35,C
35,96,B
36,48,B
10,61,C
72,34,B
53,75,B
38,38,C
96,91,A
87,75,A
71,69,A
59,92,A
12,62,C
41,47,B
55,43,B
41,17,C
94,35,B
88,14,B
21,18,C
59,62,B
14,85,B
70,24,B
74,93,A
81,44,B
98,43,A
52,26,C
93,39,B
61,46,B
60,65,B
24,15,C
61,77,B
52,57,B
52,83,B
11,97,B
55,13,C
96,85,A
18,86,B
14,100,B
83,38,B
75,97,A
52,78,B
74,35,B
96,68,A
89,99,A
61,68,B
39,19,C
79,69,A
100,56,A
47,75,B
50,11,C
80,68,A
26,23,C
26,76,B
31,10,C
89,59,A
61,89,A
42,61,B
93,59,A
100,74,A
23,92,B
19,58,C
65,74,B
22,10,C
25,45,C
76,30,B
38,30,C
63,26,B
82,95,A
42,99,A
50,86,B
55,37,B
60,44,B
72,56,B
82,46,B
37,30,C
55,84,B
46,61,B
39,81,B
74,90,A
19,71,B
75,50,B
90,86,A
65,65,B
66,95,A
59,75,B
27,88,B
90,19,B
74,28,B
18,93,B
64,97,A
90,99,A
14,48,C
37,32,C
44,35,C
34,89,B
47,55,B
70,55,B
68,46,B
70,89,A
57,24,B
13,77,B
71,62,B
79,29,B
20,15,C
72,27,B
49,68,B
26,40,C
93,83,A
31,55,B
69,36,B
76,80,A
17,61,C
68,95,A
72,36,B
61,85,A
82,77,A
81,17,B
91,91,A
25,92,B
16,17,C
79,24,B
90,63,A
12,58,C
27,48,C
18,72,B
14,21,C
98,27,B
71,56,B
98,15,B
86,13,B
59,61,B
58,19,C
21,74,B
66,19,B
26,29,C
16,27,C
52,68,B
51,84,B
90,28,B
25,78,B
93,98,A
38,81,B
53,62,B
98,31,B
91,28,B
44,68,B
60,59,B
14,20,C
54,90,A
87,48,B
49,62,B
85,45,B
93,63,A
63,70,B
90,49,B
80,79,A
28,56,B
89,75,A
51,85,B
79,94,A
79,54,B
31,33,C
83,72,A
72,60,B
91,73,A
97,74,A
40,92,B
10,93,B
33,47,B
37,88,B
61,40,B
15,30,C
90,73,A
66,76,A
52,41,B
78,60,B
49,37,B
62,49,B
97,63,A
55,95,A
33,96,B
15,52,C
89,77,A
88,52,A
17,61,C
50,96,A
68,50,B
61,24,B
12,70,B
20,71,B
73,21,B
62,86,A
24,92,B
11,81,B
36,29,C
93,68,A
16,68,B
34,60,B
12,22,C
83,53,B
22,24,C
42,58,B
65,88,A
68,12,B
16,49,C
60,61,B
82,19,B
23,16,C
67,92,A
18,72,B
62,11,C
11,25,C
88,15,B
48,23,C
91,67,A
80,39,B
99,97,A
76,50,B
74,94,A
36,11,C
54,45,B
78,75,A
35,38,C
54,47,B
14,27,C
57,53,B
23,30,C
88,96,A
73,90,A
63,30,B
37,10,C
79,16,B
44,38,B
25,38,C
72,39,B
19,56,C
80,56,B
81,44,B
30,59,B
23,70,B
14,67,B
57,18,C
80,56,B
74,63,B
24,41,C
65,30,B
39,80,B
36,79,B
82,48,B
83,44,B
44,92,B
12,85,B
93,89,A
45,33,C
84,85,A
88,46,B
48,39,B
91,77,A
62,72,B
30,71,B
50,82,B
81,48,B
42,98,A
66,14,B
57,38,B
20,41,C
29,70,B
41,65,B
86,57,A
75,29,B
98,51,A
73,41,B
74,95,A
83,78,A
33,38,C
56,37,B
25,68,B
73,24,B
61,78,B
84,43,B
85,28,B
11,75,B
56,16,C
50,16,C
15,25,C
87,33,B
78,66,A
78,27,B
11,81,B
33,24,C
61,93,A
25,15,C
55,45,B
13,76,B
48,45,B
81,96,A
71,88,A
94,46,A
41,76,B
80,38,B
57,17,C
80,27,B
14,31,C
19,48,C
14,49,C
39,53,B
77,33,B
85,76,A
66,98,A
70,38,B
48,34,B
93,81,A
36,55,B
12,92,B
57,93,A
28,30,C
40,93,B
19,96,B
94,75,A
39,93,B
21,32,C
84,22,B
99,28,B
76,72,A
30,12,C
81,89,A
91,63,A
64,90,A
11,32,C
61,36,B
88,70,A
45,40,B
80,79,A
73,12,B
42,40,B
33,13,C
62,40,B
60,45,B
27,27,C
67,74,A
44,74,B
38,49,B
19,73,B
80,21,B
60,99,A
35,22,C
71,41,B
57,35,B
89,16,B
96,70,A
10,69,C
35,61,B
74,78,A
100,80,A
99,73,A
45,71,B
37,74,B
49,39,B
94,43,B
54,62,B
57,43,B
100,19,B
91,91,A
89,69,A
76,60,B
71,69,A
51,51,B
14,69,B
10,56,C
97,15,B
26,12,C
40,35,C
92,42,B
78,97,A
93,35,B
96,79,A
35,50,B
63,39,B
87,96,A
86,82,A
53,36,B
42,43,B
41,67,B
60,93,A
53,82,B
78,82,A
95,72,A
78,89,A
56,37,B
45,71,B
63,55,B
85,17,B
25,42,C
29,35,C
25,16,C
81,21,B
15,42,C
51,76,B
75,88,A
85,25,B
69,59,B
14,62,C
56,44,B
79,77,A
38,89,B
33,38,C
21,28,C
98,36,B
64,97,A
21,26,C
55,12,C
11,67,C
41,92,B
50,81,B
57,78,B
97,18,B
84,10,B
31,42,C
12,72,B
86,36,B
79,41,B
50,32,B
78,76,A
14,59,C
73,34,B
60,58,B
33,36,C
48,74,B
69,91,A
64,13,C
54,74,B
16,67,B
32,91,B
20,14,C
97,44,A
88,89,A
65,95,A
38,78,B
77,54,B
55,54,B
39,32,C
54,93,A
19,80,B
50,18,C
94,94,A
98,13,B
61,14,C
99,67,A
45,51,B
64,41,B
33,38,C
17,38,C
96,26,B
12,35,C
73,96,A
77,34,B
71,13,B
24,83,B
55,97,A
18,80,B
21,24,C
40,36,C
52,37,B
50,68,B
81,33,B
75,19,B
55,61,B
83,20,B
61,49,B
62,86,A
71,75,A
68,21,B
69,21,B
55,89,A
44,72,B
55,79,B
30,81,B
15,17,C
90,79,A
71,22,B
15,65,B
11,23,C
58,22,B
74,80,A
26,43,C
55,98,A
63,81,A
72,30,B
24,54,C
43,34,C
20,95,B
17,39,C
26,19,C
99,64,A
22,93,B
61,82,A
13,27,C
74,23,B
51,16,C
91,92,A
78,94,A
46,31,C
16,39,C
68,15,B
50,80,B
98,79,A
36,99,B
26,49,C
78,80,A
87,67,A
87,72,A
94,61,A
61,46,B
41,44,B
88,28,B
43,35,C
58,35,B
90,89,A
27,98,B
55,89,A
34,22,C
32,25,C
77,44,B
16,78,B
47,55,B
51,61,B
54,99,A
66,73,B
81,75,A
57,99,A
87,15,B
29,53,B
16,31,C
60,92,A
98,13,B
61,61,B
38,89,B
79,36,B
49,91,A
35,78,B
70,25,B
70,43,B
75,99,A
43,31,C
29,66,B
31,17,C
36,22,C
31,96,B
68,93,A
44,36,B
26,49,C
80,11,B
50,96,A
13,59,C
96,52,A
88,85,A
84,60,A
27,39,C
13,46,C
79,83,A
60,69,B
41,81,B
97,69,A
86,34,B
21,38,C
98,51,A
10,88,B
26,56,B
18,72,B
34,84,B
69,67,B
34,76,B
40,74,B
52,50,B
95,50,A
65,40,B
83,18,B
68,83,A
36,83,B
39,45,B
38,65,B
26,74,B
26,50,C
90,64,A
30,15,C
62,78,A
54,91,A
46,83,B
49,86,B
24,88,B
66,99,A
100,12,B
36,59,B
16,72,B
53,16,C
21,26,C
21,72,B
30,24,C
72,89,A
70,29,B
89,33,B
62,54,B
100,55,A
13,13,C
59,23,B
77,81,A
46,50,B
28,79,B
78,81,A
73,21,B
69,31,B
25,34,C
41,88,B
13,89,B
68,69,B
39,38,C
18,94,B
89,54,A
54,48,B
91,12,B
60,77,B
46,55,B
63,30,B
67,60,B
90,43,B
88,59,A
65,35,B
31,62,B
87,99,A
97,85,A
86,50,B
38,44,B
62,39,B
55,49,B
53,99,A
15,96,B
76,29,B
25,92,B
19,50,C
78,37,B
80,29,B
54,24,C
32,96,B
60,79,B
48,27,C
12,25,C
80,59,B
38,40,C
80,19,B
56,65,B
24,59,B
75,26,B
36,89,B
39,78,B
96,47,A
57,90,A
42,100,A
31,56,B
58,53,B
48,96,A
47,29,C
85,84,A
22,76,B
63,87,A
51,75,B
34,56,B
75,87,A
87,76,A
98,18,B
74,26,B
24,47,C
26,76,B
35,73,B
82,39,B
44,91,B
88,37,B
28,81,B
27,60,B
100,68,A
66,86,A
84,21,B
32,72,B
79,39,B
71,29,B
97,33,B
88,19,B
83,32,B
97,45,A
29,80,B
33,57,B
10,60,C
91,15,B
28,51,C
23,74,B
13,59,C
34,49,B
41,96,B
41,97,B
37,90,B
46,11,C
37,22,C
91,63,A
15,46,C
100,63,A
14,30,C
95,65,A
11,55,C
46,10,C
62,20,B
26,25,C
39,16,C
96,31,B
87,75,A
37,54,B
89,11,B
48,77,B
29,61,B
99,15,B
44,71,B
40,19,C
52,32,B
95,91,A
44,16,C
46,71,B
95,63,A
31,54,B
87,32,B
65,84,A
90,77,A
64,84,A
70,39,B
65,32,B
21,31,C
18,63,B
88,25,B
72,41,B
60,32,B
24,24,C
68,35,B
67,95,A
72,39,B
44,12,C
62,14,C
18,27,C
73,13,B
75,54,B
91,63,A
90,84,A
32,32,C
17,87,B
62,85,A
35,54,B
16,35,C
22,33,C
36,51,B
98,40,B
21,89,B
24,84,B
53,78,B
78,89,A
72,37,B
98,17,B
57,30,B
72,30,B
20,29,C
28,97,B
37,15,C
59,19,C
58,21,C
69,66,B
23,26,C
36,41,C
88,85,A
32,62,B
75,12,B
23,64,B
19,11,C
74,85,A
27,72,B
49,33,B
37,53,B
21,26,C
87,23,B
22,54,C
41,15,C
10,35,C
61,93,A
50,14,C
56,58,B
48,71,B
60,27,B
65,20,B
16,46,C
81,42,B
54,48,B
73,29,B
53,84,B
99,66,A
43,69,B
36,88,B
80,57,B
94,56,A
37,82,B
73,54,B
84,73,A
32,96,B
15,42,C
74,72,A
47,50,B
88,77,A
34,33,C
12,49,C
96,34,B
74,35,B
86,15,B
72,99,A
57,37,B
47,31,C
27,49,C
35,17,C
33,32,C
44,95,B
85,65,A
38,98,B
38,97,B
58,60,B
92,98,A
56,33,B
10,16,C
16,33,C
73,49,B
10,77,B
68,87,A
20,75,B
94,45,B
79,42,B
26,76,B
69,27,B
82,57,B
36,53,B
17,53,C
79,33,B
99,21,B
81,32,B
78,64,A
72,61,B
43,98,A
31,82,B
44,11,C
57,23,B
73,92,A
86,52,B
93,82,A
13,37,C
10,19,C
33,20,C
25,75,B
52,11,C
45,99,A
47,43,B
97,100,A
64,91,A
17,94,B
63,60,B
52,68,B
28,48,C
75,52,B
12,19,C
94,43,B
19,63,B
38,91,B
84,12,B
30,27,C
72,66,B
68,37,B
96,43,B
58,98,A
35,26,C
87,76,A
98,33,B
75,83,A
51,64,B
98,94,A
19,87,B
47,16,C
98,14,B
35,38,C
36,68,B
17,11,C
78,57,B
12,30,C
12,42,C
99,40,B
38,13,C
27,68,B
14,13,C
10,63,C
71,95,A
43,59,B
57,33,B
55,93,A
77,37,B
17,88,B
12,87,B
57,83,A
86,79,A
82,13,B
63,83,A
40,18,C
25,37,C
86,16,B
87,69,A
79,11,B
16,26,C
33,36,C
28,11,C
87,83,A
44,63,B
87,30,B
50,37,B
76,93,A
57,74,B
25,85,B
27,88,B
49,61,B
88,37,B
76,42,B
90,96,A
91,41,B
61,17,C
90,39,B
68,74,A
57,78,B
89,98,A
48,54,B
97,67,A
85,12,B
75,59,B
24,85,B
63,23,B
46,31,C
28,90,B
63,78,A
86,15,B
56,36,B
33,48,B
20,92,B
51,49,B
42,37,C
68,61,B
55,60,B
14,64,C
15,21,C
38,70,B
79,26,B
16,39,C
57,16,C
80,89,A
30,38,C
39,37,C
39,30,C
28,58,B
84,79,A
71,54,B
37,98,B
87,38,B
97,93,A
20,85,B
94,98,A
78,48,B
27,19,C
33,10,C
70,58,B
73,78,A
21,69,B
86,41,B
85,14,B
28,61,B
88,21,B
42,94,B
80,78,A
66,16,B
14,84,B
86,69,A
99,44,A
34,33,C
30,10,C
13,21,C
23,31,C
15,61,C
41,28,C
62,25,B
58,13,C
50,63,B
74,15,B
65,23,B
78,38,B
31,74,B
41,32,C
99,96,A
13,71,B
53,99,A
44,22,C
91,23,B
13,45,C
95,51,A
52,28,B
21,26,C
13,95,B
35,18,C
20,96,B
23,87,B
11,52,C
53,19,C
66,26,B
82,74,A
19,83,B
58,22,B
30,46,C
98,71,A
90,53,A
48,96,A
22,81,B
58,38,B
52,74,B
91,43,B
99,34,B
13,56,C
82,16,B
99,90,A
55,100,A
62,93,A
30,79,B
59,17,C
60,71,B
92,48,A
27,94,B
20,18,C
73,18,B
27,10,C
65,19,B
60,42,B
15,99,B
58,52,B
87,28,B
75,40,B
23,35,C
11,16,C
28,35,C
40,44,B
31,31,C
21,39,C
85,55,A
48,99,A
71,88,A
54,44,B
18,16,C
78,54,B
100,62,A
48,26,C
59,75,B
48,12,C
65,75,A
59,37,B
83,67,A
21,91,B
96,89,A
93,72,A
58,96,A
45,10,C
68,25,B
32,30,C
29,36,C
16,55,C
29,65,B
99,86,A
34,36,C
93,37,B
70,46,B
88,21,B
55,97,A
56,75,B
33,85,B
49,23,C
30,94,B
12,68,B
79,48,B
12,14,C
61,10,C
13,74,B
95,76,A
63,67,B
63,47,B
65,84,A
47,30,C
15,77,B
24,28,C
55,72,B
25,42,C
98,76,A
24,73,B
76,65,A
41,97,B
46,38,B
39,34,C
99,82,A
80,79,A
85,27,B
81,62,A
77,80,A
96,87,A
22,11,C
68,82,A
85,99,A
78,54,B
11,97,B
71,95,A
29,79,B
51,99,A
13,46,C
91,41,B
86,97,A
80,91,A
46,52,B
75,25,B
97,11,B
78,25,B
73,53,B
60,24,B
62,12,C
53,96,A
18,47,C
17,30,C
83,87,A
50,40,B
93,95,A
28,10,C
45,80,B
44,30,C
84,76,A
34,40,C
38,48,B
62,66,B
89,97,A
43,70,B
94,52,A
63,19,B
69,37,B
33,65,B
55,62,B
20,96,B
54,39,B
51,62,B
34,19,C
75,51,B
25,92,B
77,39,B
23,50,C
84,19,B
30,85,B
71,78,A
99,49,A
23,23,C
27,81,B
47,75,B
37,42,C
78,30,B
86,87,A
69,76,A
77,24,B
96,15,B
21,97,B
13,20,C
44,98,A
42,74,B
80,37,B
85,41,B
29,90,B
81,43,B
36,93,B
44,32,C
36,49,B
44,34,C
65,22,B
31,64,B
25,26,C
22,54,C
18,50,C
37,33,C
58,42,B
77,16,B
77,16,B
17,54,C
63,32,B
51,25,C
57,82,B
56,96,A
35,49,B
39,92,B
44,74,B
21,73,B
82,18,B
97,59,A
49,38,B
38,98,B
74,92,A
61,82,A
96,78,A
36,78,B
95,77,A
81,60,A
22,47,C
76,44,B
98,19,B
20,85,B
22,18,C
93,71,A
41,83,B
92,13,B
84,44,B
21,32,C
81,35,B
69,78,A
70,35,B
80,35,B
33,37,C
74,15,B
97,62,A
10,37,C
32,73,B
12,71,B
68,24,B
31,75,B
78,32,B
68,52,B
17,89,B
78,95,A
32,41,C
67,29,B
80,55,B
11,60,C
75,58,B
55,36,B
81,30,B
43,80,B
65,89,A
55,40,B
39,13,C
35,52,B
87,82,A
23,27,C
33,54,B
19,94,B
75,78,A
41,31,C
65,31,B
58,64,B
99,54,A
32,83,B
92,71,A
85,97,A
20,52,C
15,21,C
94,96,A
79,90,A
50,38,B
60,36,B
27,70,B
93,50,A
75,41,B
51,59,B
43,50,B
82,43,B
73,49,B
53,30,B
71,26,B
83,11,B
19,100,B
83,30,B
88,12,B
46,81,B
87,75,A
76,47,B
83,20,B
91,77,A
42,88,B
28,57,B
71,31,B
39,44,B
44,82,B
32,11,C
83,61,A
53,61,B
92,41,B
32,79,B
100,54,A
10,19,C
14,98,B
65,36,B
36,91,B
31,23,C
67,26,B
21,79,B
39,35,C
14,80,B
70,11,B
34,58,B
39,19,C
22,67,B
71,54,B
98,60,A
13,16,C
26,87,B
90,78,A
64,23,B
88,11,B
94,45,B
86,67,A
26,97,B
96,84,A
17,12,C
34,98,B
59,44,B
43,26,C
27,62,B
97,73,A
92,30,B
10,42,C
39,61,B
82,83,A
96,36,B
79,100,A
90,48,B
52,80,B
47,90,B
26,23,C
96,43,B
88,56,A
78,38,B
24,47,C
90,63,A
90,57,A
44,55,B
56,30,B
24,55,C
12,68,B
95,77,A
40,51,B
85,50,B
80,67,A
29,100,B
39,78,B
40,13,C
74,37,B
75,83,A
33,11,C
22,49,C
29,65,B
27,39,C
13,18,C
84,57,A
53,41,B
22,49,C
85,64,A
71,12,B
86,71,A
73,20,B
45,65,B
94,94,A
72,45,B
54,27,B
76,85,A
25,47,C
67,22,B
88,89,A
56,79,B
35,48,B
39,57,B
89,43,B
12,93,B
79,100,A
88,90,A
21,57,C
40,88,B
59,69,B
34,25,C
56,81,B
15,41,C
74,82,A
78,82,A
62,27,B
95,39,B
19,15,C
34,30,C
75,20,B
100,96,A
42,63,B
54,11,C
51,64,B
11,41,C
76,23,B
75,79,A
98,78,A
16,96,B
20,85,B
66,100,A
94,53,A
87,29,B
63,66,B
34,59,B
17,67,B
12,44,C
48,64,B
23,10,C
30,69,B
38,85,B
58,28,B
54,68,B
90,98,A
34,13,C
16,86,B
70,44,B
59,48,B
18,49,C
84,71,A
28,48,C
90,81,A
93,80,A
90,81,A
87,45,B
57,53,B
16,69,B
27,97,B
30,92,B
26,27,C
32,67,B
98,40,B
74,24,B
90,57,A
97,33,B
97,78,A
25,92,B
87,56,A
70,20,B
46,26,C
24,47,C
17,28,C
75,18,B
42,69,B
58,96,A
98,25,B
47,29,C
92,90,A
87,64,A
10,18,C
26,17,C
41,61,B
27,62,B
84,13,B
13,64,C
76,67,A
22,57,C
65,11,C
24,64,B
85,79,A
46,100,A
64,68,B
52,11,C
74,67,A
29,88,B
81,100,A
46,58,B
28,23,C
34,73,B
93,100,A
76,30,B
94,72,A
94,79,A
28,13,C
49,23,C
81,81,A
55,64,B
36,31,C
37,31,C
15,20,C
24,18,C
61,63,B
20,79,B
74,44,B
72,17,B
57,70,B
19,60,C
93,58,A
78,11,B
80,70,A
88,35,B
78,10,B
47,38,B
27,45,C
24,75,B
51,59,B
38,60,B
78,77,A
32,60,B
96,19,B
67,35,B
94,49,A
60,29,B
38,93,B
39,51,B
72,23,B
65,87,A
50,84,B
92,51,A
42,17,C
70,33,B
61,69,B
64,38,B
99,86,A
69,31,B
43,13,C
71,14,B
51,73,B
26,14,C
90,45,B
98,72,A
27,42,C
81,33,B
62,39,B
11,41,C
87,20,B
62,69,B
18,25,C
45,38,B
69,63,B
34,34,C
17,48,C
78,81,A
62,95,A
49,38,B
64,72,B
94,53,A
29,94,B
45,96,A
100,61,A
61,39,B
26,61,B
81,42,B
85,53,B
44,92,B
85,27,B
61,82,A
21,18,C
65,47,B
16,89,B
86,61,A
17,60,C
11,79,B
24,49,C
12,18,C
56,88,A
84,65,A
72,39,B
90,41,B
94,73,A
74,70,A
44,45,B
40,69,B
38,21,C
77,21,B
59,40,B
20,81,B
64,69,B
71,72,A
11,67,C
65,57,B
25,32,C
57,79,B
34,25,C
14,48,C
90,92,A
81,67,A
97,76,A
54,92,A
19,59,C
31,79,B
68,54,B
92,89,A
19,73,B
30,31,C
64,10,C
30,88,B
27,55,B
58,26,B
37,77,B
86,90,A
17,90,B
68,41,B
11,22,C
88,11,B
82,64,A
84,93,A
20,51,C
78,24,B
54,18,C
51,24,C
30,72,B
43,82,B
66,47,B
21,73,B
44,77,B
92,35,B
46,32,C
31,51,B
49,95,A
24,21,C
88,68,A
53,78,B
45,27,C
89,46,B
15,68,B
53,59,B
92,45,B
35,92,B
27,21,C
92,25,B
82,98,A
61,49,B
78,45,B
61,13,C
50,78,B
70,88,A
65,26,B
76,49,B
81,78,A
38,10,C
20,62,B
54,46,B
90,40,B
83,83,A
12,98,B
36,24,C
18,31,C
40,20,C
96,21,B
37,50,B
41,91,B
79,18,B
80,40,B
65,63,B
41,43,B
34,58,B
17,50,C
40,68,B
23,68,B
13,43,C
96,76,A
17,49,C
62,96,A
76,13,B
17,49,C
55,30,B
35,88,B
68,66,B
93,81,A
98,33,B
98,70,A
82,14,B
57,53,B
36,19,C
85,93,A
86,22,B
30,67,B
96,28,B
56,41,B
12,23,C
69,23,B
46,61,B
50,71,B
76,84,A
28,26,C
77,42,B
72,14,B
84,38,B
40,13,C
68,34,B
60,52,B
53,49,B
18,58,C
15,31,C
82,62,A
31,99,B
52,11,C
58,38,B
59,39,B
30,53,B
23,60,B
100,31,B
37,98,B
99,91,A
66,92,A
65,35,B
53,52,B
65,18,B
92,83,A
80,64,A
75,60,B
27,14,C
32,87,B
87,99,A
45,43,B
75,46,B
45,37,B
13,98,B
100,33,B
50,17,C
48,59,B
17,26,C
18,61,C
68,12,B
90,72,A
91,41,B
23,16,C
16,79,B
22,68,B
87,92,A
84,44,B
75,98,A
90,27,B
18,49,C
57,48,B
88,48,B
24,25,C
80,90,A
20,54,C
39,16,C
96,71,A
17,69,B
33,90,B
24,84,B
90,12,B
57,65,B
87,50,B
59,63,B
75,47,B
29,45,C
13,44,C
84,22,B
68,21,B
38,89,B
92,75,A
21,64,B
70,74,A
97,45,A
42,24,C
46,12,C
18,22,C
14,32,C
51,14,C
46,64,B
81,11,B
83,71,A
33,42,C
32,13,C
76,93,A
74,35,B
59,62,B
51,72,B
61,43,B
97,96,A
37,92,B
79,72,A
71,17,B
30,50,B
76,31,B
67,63,B
41,91,B
87,24,B
32,54,B
18,19,C
32,23,C
51,46,B
19,70,B
37,81,B
47,79,B
77,42,B
37,100,B
14,25,C
40,77,B
15,65,B
78,73,A
76,57,B
19,10,C
89,51,A
80,44,B
15,76,B
21,50,C
47,41,B
77,84,A
36,19,C
20,76,B
41,92,B
88,72,A
10,48,C
19,27,C
61,28,B
46,92,B
26,92,B
85,30,B
38,47,B
57,90,A
36,56,B
26,70,B
30,85,B
88,72,A
19,13,C
66,61,B
37,39,C
95,11,B
37,42,C
66,79,A
86,30,B
11,73,B
63,85,A
50,94,A
69,97,A
29,81,B
49,52,B
95,41,B
18,58,C
32,85,B
47,95,A
81,17,B
33,69,B
86,58,A
85,14,B
47,88,B
43,67,B
94,74,A
12,27,C
14,60,C
72,40,B
99,25,B
18,57,C
96,81,A
81,85,A
79,42,B
35,18,C
100,70,A
15,87,B
65,16,B
13,17,C
29,26,C
92,66,A
65,27,B
36,82,B
40,54,B
62,22,B
13,91,B
77,11,B
47,27,C
17,16,C
73,90,A
82,28,B
44,55,B
76,83,A
33,67,B
55,45,B
43,97,A
56,92,A
76,37,B
31,36,C
96,20,B
62,53,B
77,74,A
83,33,B
73,52,B
34,31,C
16,72,B
35,69,B
24,56,B
36,15,C
35,51,B
96,74,A
35,10,C
81,61,A
77,79,A
85,57,A
69,85,A
80,94,A
59,56,B
36,89,B
89,61,A
19,81,B
24,28,C
31,49,B
23,75,B
10,89,B
93,63,A
41,94,B
74,26,B
34,51,B
10,96,B
10,36,C
78,71,A
87,10,B
17,56,C
63,38,B
38,53,B
26,63,B
97,44,A
13,54,C
34,33,C
15,90,B
16,60,C
50,72,B
19,42,C
47,21,C
75,52,B
12,53,C
48,49,B
96,31,B
41,41,B
42,29,C
51,92,A
49,35,B
27,49,C
19,32,C
58,42,B
58,61,B
59,49,B
24,35,C
27,17,C
76,65,A
88,60,A
15,27,C
95,76,A
54,13,C
81,29,B
65,56,B
36,34,C
22,27,C
80,46,B
39,31,C
41,64,B
28,73,B
91,40,B
12,40,C
87,38,B
53,82,B
19,80,B
54,68,B
47,54,B
94,37,B
66,20,B
96,97,A
78,41,B
78,21,B
82,55,B
48,25,C
44,61,B
40,16,C
82,34,B
66,25,B
30,13,C
76,53,B
91,39,B
80,39,B
35,93,B
83,30,B
73,74,A
88,76,A
46,83,B
28,81,B
16,21,C
28,13,C
30,43,C
69,80,A
10,34,C
69,93,A
84,39,B
78,15,B
85,20,B
34,83,B
84,17,B
62,64,B
94,76,A
50,17,C
61,44,B
12,24,C
86,37,B
96,11,B
65,34,B
94,53,A
97,24,B
92,99,A
12,93,B
87,14,B
97,29,B
45,72,B
50,16,C
52,18,C
60,13,C
55,87,A
10,92,B
45,21,C
14,34,C
56,28,B
78,39,B
70,55,B
58,11,C
31,19,C
75,88,A
69,44,B
57,50,B
36,18,C
38,71,B
72,84,A
31,32,C
75,37,B
100,31,B
26,11,C
22,56,C
83,11,B
93,16,B
51,57,B
31,76,B
45,60,B
53,11,C
33,48,B
57,75,B
45,29,C
80,87,A
26,59,B
87,76,A
71,26,B
48,67,B
20,38,C
49,55,B
36,56,B
25,15,C
90,14,B
83,90,A
32,10,C
36,91,B
54,74,B
47,72,B
46,28,C
78,78,A
80,43,B
99,79,A
74,29,B
26,55,B
98,76,A
97,21,B
38,45,B
80,59,B
84,39,B
14,65,C
89,72,A
71,56,B
40,51,B
97,45,A
90,30,B
10,92,B
52,71,B
19,82,B
33,12,C
50,36,B
72,39,B
87,87,A
46,40,B
99,20,B
40,74,B
13,45,C
10,85,B
21,42,C
26,34,C
82,34,B
54,57,B
36,21,C
66,32,B
69,16,B
90,19,B
96,36,B
12,49,C
38,91,B
31,83,B
17,43,C
67,58,B
28,18,C
18,22,C
27,80,B
36,28,C
37,43,B
97,22,B
80,42,B
46,41,B
65,100,A
48,54,B
23,93,B
61,99,A
64,31,B
81,81,A
35,59,B
81,28,B
57,26,B
93,38,B
76,43,B
78,55,B
71,10,B
74,70,A
16,66,B
35,88,B
28,89,B
17,96,B
31,87,B
80,95,A
91,58,A
31,30,C
22,39,C
21,22,C
36,73,B
49,36,B
29,20,C
99,83,A
35,92,B
54,52,B
17,38,C
38,44,B
80,55,B
79,21,B
19,54,C
59,35,B
73,13,B
74,66,A
22,98,B
82,27,B
100,96,A
10,62,C
63,60,B
51,24,C
31,47,C
85,41,B
90,56,A
48,29,C
15,44,C
85,15,B
16,87,B
42,57,B
55,93,A
88,40,B
59,36,B
36,96,B
60,22,B
34,81,B
78,59,B
57,85,A
37,48,B
16,84,B
36,84,B
37,11,C
77,14,B
67,13,B
12,100,B
26,38,C
43,30,C
56,77,B
43,61,B
99,32,B
90,72,A
78,57,B
60,54,B
77,71,A
48,44,B
46,74,B
12,21,C
44,33,C
55,90,A
88,88,A
32,17,C
68,13,B
18,92,B
95,83,A
27,67,B
18,81,B
81,77,A
96,42,B
50,18,C
25,78,B
44,38,B
64,81,A
79,69,A
94,92,A
73,75,A
30,39,C
91,77,A
15,27,C
30,19,C
44,70,B
73,20,B
66,18,B
21,40,C
91,35,B
88,54,A
43,92,B
94,58,A
65,84,A
57,92,A
57,42,B
13,58,C
40,70,B
15,72,B
83,19,B
73,18,B
53,35,B
42,47,B
35,80,B
76,69,A
55,69,B
10,27,C
51,29,B
60,59,B
12,40,C
74,12,B
45,88,B
97,32,B
31,82,B
37,41,C
16,72,B
71,75,A
46,24,C
18,36,C
31,100,B
87,16,B
32,87,B
34,62,B
48,38,B
72,14,B
89,34,B
46,99,A
96,16,B
48,44,B
48,42,B
64,59,B
19,93,B
48,47,B
75,98,A
56,81,B
77,31,B
27,62,B
21,99,B
49,84,B
23,90,B
32,42,C
99,53,A
81,55,B
46,66,B
64,43,B
51,16,C
15,94,B
16,28,C
92,27,B
34,67,B
52,77,B
11,56,C
59,17,C
93,37,B
56,31,B
81,67,A
89,36,B
14,43,C
83,64,A
79,96,A
99,15,B
57,90,A
41,40,B
96,24,B
63,41,B
71,19,B
17,15,C
74,40,B
11,31,C
76,21,B
99,41,A
20,68,B
94,66,A
32,94,B
78,72,A
17,14,C
93,12,B
67,99,A
72,30,B
84,25,B
99,84,A
44,82,B
95,60,A
70,35,B
71,58,B
12,56,C
31,36,C
34,67,B
31,27,C
36,24,C
25,19,C
29,44,C
46,44,B
61,11,C
75,78,A
69,31,B
67,94,A
61,97,A
75,90,A
66,10,C
73,31,B
49,16,C
96,99,A
74,58,B
48,60,B
68,82,A
82,14,B
65,86,A
36,69,B
48,81,B
89,72,A
49,87,B
84,10,B
37,44,B
70,52,B
51,26,C
75,72,A
14,57,C
98,57,A
93,66,A
56,15,C
42,29,C
77,27,B
81,77,A
28,47,C
38,48,B
49,15,C
46,53,B
58,72,B
73,54,B
21,65,B
38,45,B
79,73,A
44,77,B
83,14,B
67,70,B
26,99,B
61,91,A
21,13,C
28,41,C
70,49,B
23,28,C
50,38,B
67,88,A
87,13,B
48,43,B
99,100,A
13,100,B
40,89,B
62,57,B
52,79,B
86,31,B
15,15,C
91,56,A
85,51,B
34,57,B
96,68,A
19,58,C
98,25,B
67,19,B
84,26,B
45,21,C
12,77,B
11,65,C
50,22,C
26,50,C
77,16,B
13,18,C
66,31,B
42,54,B
27,76,B
36,33,C
27,66,B
37,19,C
66,63,B
15,80,B
76,79,A
72,39,B
46,16,C
36,33,C
88,90,A
11,21,C
74,42,B
94,57,A
53,21,C
42,58,B
87,87,A
95,48,A
58,47,B
62,13,C
53,72,B
81,76,A
17,31,C
94,52,A
46,42,B
33,88,B
94,70,A
38,82,B
39,33,C
91,24,B
92,52,A
55,38,B
18,62,B
21,94,B
45,28,C
52,71,B
17,27,C
25,74,B
73,56,B
51,92,A
43,19,C
100,95,A
41,33,C
18,27,C
96,24,B
66,16,B
22,17,C
32,54,B
37,76,B
64,93,A
48,77,B
10,58,C
23,72,B
36,64,B
11,23,C
14,84,B
34,89,B
44,95,B
39,30,C
30,69,B
42,36,C
81,80,A
80,69,A
13,59,C
87,87,A
30,76,B
84,87,A
52,59,B
28,37,C
94,98,A
29,38,C
68,22,B
64,23,B
93,15,B
39,17,C
32,31,C
79,17,B
97,94,A
48,23,C
98,36,B
60,51,B
95,89,A
72,72,A
21,50,C
28,43,C
88,21,B
29,45,C
88,21,B
12,51,C
48,22,C
26,17,C
36,15,C
41,71,B
60,25,B
88,32,B
15,73,B
68,73,A
20,67,B
49,85,B
73,71,A
14,56,C
23,85,B
53,30,B
100,97,A
12,36,C
65,56,B
71,71,A
28,41,C
82,59,A
41,85,B
73,74,A
100,47,A
58,18,C
49,50,B
85,55,A
13,69,B
79,91,A
93,72,A
98,27,B
36,59,B
62,61,B
77,14,B
37,34,C
35,78,B
90,74,A
25,78,B
40,94,B
26,91,B
89,88,A
62,41,B
88,39,B
81,57,B
41,52,B
35,65,B
80,26,B
40,52,B
72,74,A
18,100,B
22,41,C
83,29,B
92,54,A
79,16,B
89,43,B
69,57,B
85,16,B
48,29,C
55,14,C
72,37,B
34,93,B
49,33,B
77,47,B
92,76,A
50,100,A
58,92,A
43,62,B
39,71,B
46,67,B
98,59,A
52,68,B
38,98,B
45,15,C
92,65,A
21,32,C
99,30,B
39,42,B
80,21,B
21,37,C
91,95,A
82,53,B
12,82,B
36,32,C
87,57,A
92,45,B
77,66,A
73,79,A
49,27,C
31,62,B
88,100,A
36,53,B
39,57,B
90,94,A
96,10,B
71,52,B
70,49,B
88,74,A
34,12,C
87,23,B
14,87,B
87,64,A
34,75,B
49,88,B
57,58,B
17,78,B
64,75,B
55,51,B
77,69,A
23,83,B
15,88,B
63,60,B
97,84,A
80,19,B
22,59,B
96,60,A
55,41,B
70,31,B
87,10,B
28,35,C
88,37,B
51,12,C
47,78,B
83,20,B
96,71,A
64,100,A
51,89,A
50,71,B
37,91,B
83,37,B
32,93,B
19,100,B
84,22,B
57,28,B
34,96,B
17,58,C
18,15,C
36,18,C
52,24,C
59,97,A
94,84,A
24,75,B
50,35,B
74,98,A
30,26,C
50,79,B
63,68,B
78,95,A
73,34,B
71,44,B
23,48,C
71,52,B
49,77,B
57,21,C
41,98,B
57,80,B
85,50,B
13,85,B
77,97,A
76,41,B
74,86,A
99,48,A
56,98,A
56,29,B
63,46,B
90,36,B
53,61,B
88,24,B
72,20,B
24,47,C
25,57,B
79,18,B
71,13,B
92,86,A
57,86,A
88,73,A
77,75,A
75,40,B
19,93,B
59,51,B
97,52,A
42,26,C
90,15,B
12,19,C
73,80,A
99,45,A
93,84,A
53,84,B
83,65,A
19,55,C
42,71,B
64,61,B
64,47,B
56,18,C
74,92,A
56,99,A
44,39,B
30,60,B
69,93,A
86,17,B
71,38,B
96,30,B
31,33,C
78,61,B
23,26,C
27,41,C
56,95,A
97,50,A
98,82,A
25,26,C
21,96,B
77,77,A
89,46,B
18,75,B
89,56,A
43,86,B
27,23,C
77,79,A
85,91,A
30,23,C
57,50,B
98,63,A
49,16,C
12,57,C
35,90,B
45,23,C
72,87,A
29,74,B
27,37,C
75,80,A
97,30,B
12,54,C
19,34,C
56,64,B
36,34,C
75,50,B
15,86,B
56,27,B
82,85,A
19,78,B
84,14,B
45,88,B
18,11,C
30,64,B
75,42,B
62,75,B
85,68,A
42,70,B
100,27,B
34,50,B
80,37,B
10,13,C
86,57,A
72,31,B
61,90,A
40,51,B
30,32,C
23,29,C
21,34,C
61,13,C
77,73,A
18,40,C
55,56,B
81,81,A
100,67,A
23,59,B
48,85,B
34,24,C
69,40,B
81,25,B
44,27,C
36,61,B
76,23,B
66,61,B
14,44,C
39,40,C
88,28,B
66,60,B
36,65,B
22,37,C
81,71,A
90,98,A
35,13,C
70,56,B
22,99,B
40,32,C
56,80,B
73,39,B
43,88,B
90,24,B
94,26,B
46,35,B
96,96,A
52,98,A
64,93,A
48,13,C
32,79,B
43,89,B
71,19,B
41,92,B
13,67,B
53,44,B
71,72,A
22,86,B
14,10,C
82,19,B
55,62,B
98,41,B
82,27,B
10,19,C
23,46,C
51,30,B
32,69,B
55,98,A
64,71,B
74,26,B
44,69,B
63,78,A
27,87,B
64,86,A
42,12,C
99,85,A
65,80,A
64,96,A
96,23,B
78,78,A
71,18,B
80,43,B
95,33,B
44,94,B
71,20,B
76,74,A
72,11,B
71,64,B
46,67,B
41,41,B
21,28,C
95,88,A
77,83,A
28,68,B
87,43,B
93,77,A
82,18,B
23,65,B
59,26,B
65,37,B
72,98,A
80,72,A
68,95,A
48,71,B
64,89,A
72,87,A
96,31,B
80,95,A
18,80,B
66,13,C
49,83,B
36,20,C
21,65,B
27,29,C
84,83,A
64,25,B
42,91,B
66,80,A
76,77,A
28,100,B
25,26,C
11,45,C
14,72,B
17,10,C
29,62,B
55,90,A
23,22,C
56,27,B
29,53,B
35,56,B
70,59,B
44,40,B
74,59,B
69,18,B
14,88,B
85,56,A
35,63,B
29,99,B
21,98,B
70,40,B
10,86,B
64,10,C
60,28,B
74,68,A
15,59,C
99,69,A
50,99,A
39,19,C
15,52,C
76,85,A
60,16,C
34,61,B
80,27,B
59,76,B
73,76,A
11,48,C
97,30,B
15,55,C
41,48,B
24,89,B
85,44,B
99,56,A
80,99,A
96,88,A
43,38,B
12,81,B
80,15,B
61,44,B
63,100,A
40,19,C
51,21,C
32,24,C
95,52,A
52,74,B
81,100,A
88,97,A
28,38,C
91,45,B
18,29,C
77,34,B
59,79,B
29,13,C
16,58,C
98,22,B
89,61,A
43,82,B
10,87,B
87,95,A
50,92,A
53,14,C
24,52,C
46,13,C
46,59,B
54,48,B
47,82,B
91,100,A
74,11,B
34,19,C
75,72,A
64,17,B
64,61,B
12,91,B
31,46,C
71,41,B
46,23,C
46,35,B
90,91,A
14,14,C
41,63,B
49,20,C
55,46,B
54,76,B
39,42,B
70,57,B
94,12,B
56,58,B
69,77,A
23,53,C
43,89,B
94,15,B
23,48,C
61,56,B
35,24,C
100,46,A
49,23,C
81,90,A
56,95,A
80,30,B
57,60,B
100,60,A
39,80,B
27,92,B
39,29,C
63,79,A
41,45,B
33,21,C
57,65,B
75,92,A
55,44,B
51,51,B
78,52,B
11,73,B
64,14,C
72,94,A
46,89,B
52,82,B
85,25,B
28,34,C
79,10,B
69,82,A
47,50,B
93,43,B
55,17,C
12,33,C
73,25,B
31,23,C
41,85,B
50,28,C
63,100,A
65,62,B
65,55,B
49,16,C
74,67,A
53,49,B
32,53,B
81,20,B
40,77,B
40,26,C
46,73,B
43,25,C
91,19,B
47,13,C
33,93,B
60,85,A
68,46,B
73,16,B
68,29,B
32,64,B
32,66,B
16,97,B
97,19,B
21,76,B
90,73,A
70,53,B
72,60,B
34,96,B
65,37,B
88,54,A
58,40,B
81,27,B
25,81,B
29,42,C
56,53,B
29,53,B
16,81,B
44,15,C
65,92,A
43,75,B
52,27,C
25,29,C
93,81,A
50,57,B
24,33,C
96,32,B
48,46,B
34,45,C
91,58,A
64,82,A
90,13,B
54,75,B
14,16,C
58,18,C
66,39,B
77,68,A
76,52,B
21,63,B
51,61,B
36,15,C
29,33,C
15,43,C
69,19,B
35,82,B
73,45,B
68,17,B
59,91,A
79,89,A
95,75,A
86,62,A
21,74,B
59,22,B
83,17,B
76,57,B
17,64,B
90,62,A
42,61,B
79,78,A
98,11,B
61,71,B
55,90,A
76,43,B
46,52,B
11,62,C
100,58,A
59,76,B
80,92,A
84,38,B
94,29,B
91,29,B
49,72,B
90,32,B
29,70,B
43,39,B
92,72,A
38,17,C
59,26,B
12,45,C
44,19,C
63,98,A
60,89,A
90,89,A
25,16,C
79,44,B
33,72,B
35,39,C
24,28,C
39,17,C
43,37,B
17,32,C
56,51,B
70,29,B
25,95,B
37,41,C
21,49,C
99,94,A
29,72,B
91,25,B
89,25,B
21,64,B
73,24,B
42,87,B
54,76,B
44,24,C
39,53,B
65,88,A
92,10,B
90,26,B
29,90,B
75,70,A
50,43,B
20,47,C
72,43,B
87,32,B
72,50,B
30,89,B
91,20,B
75,79,A
99,39,B
52,77,B
29,52,B
66,50,B
35,95,B
66,48,B
10,22,C
82,22,B
49,24,C
72,71,A
91,29,B
88,13,B
41,30,C
16,14,C
23,50,C
50,92,A
86,17,B
15,100,B
54,91,A
63,80,A
47,69,B
47,77,B
31,94,B
79,15,B
80,79,A
30,40,C
34,56,B
33,95,B
32,97,B
46,32,C
62,45,B
45,79,B
48,35,B
56,17,C
24,45,C
57,32,B
30,89,B
32,69,B
49,43,B
55,60,B
73,12,B
88,46,B
75,36,B
28,81,B
55,87,A
37,31,C
18,16,C
97,31,B
59,80,B
46,95,A
49,31,B
48,88,B
48,78,B
78,100,A
10,47,C
34,85,B
19,93,B
75,40,B
98,23,B
38,81,B
88,73,A
72,22,B
17,75,B
10,42,C
61,33,B
10,46,C
23,96,B
69,15,B
89,48,B
57,74,B
68,29,B
23,100,B
19,66,B
90,100,A
94,67,A
43,72,B
72,12,B
28,86,B
34,23,C
50,68,B
54,79,B
85,58,A
49,95,A
81,48,B
44,21,C
80,51,B
42,79,B
66,38,B
68,39,B
64,14,C
96,49,A
88,23,B
24,90,B
79,78,A
81,76,A
96,14,B
37,31,C
41,13,C
25,36,C
31,97,B
48,45,B
49,74,B
75,66,A
71,63,B
100,26,B
81,25,B
68,89,A
74,84,A
55,99,A
25,44,C
98,48,A
50,100,A
16,65,B
28,15,C
44,17,C
84,29,B
44,90,B
39,11,C
88,11,B
30,38,C
47,60,B
94,20,B
69,43,B
62,55,B
74,53,B
99,79,A
88,88,A
41,30,C
96,13,B
45,44,B
80,83,A
93,43,B
43,73,B
79,55,B
61,42,B
50,53,B
15,54,C
98,27,B
33,42,C
34,95,B
86,25,B
25,95,B
26,98,B
68,78,A
76,85,A
48,42,B
37,54,B
84,77,A
81,16,B
100,76,A
81,17,B
50,31,B
85,18,B
95,51,A
54,46,B
73,60,B
25,47,C
15,33,C
73,68,A
86,74,A
73,84,A
18,67,B
72,59,B
51,16,C
55,74,B
73,14,B
30,83,B
76,92,A
30,68,B
42,23,C
92,10,B
18,48,C
45,71,B
45,16,C
34,47,B
33,33,C
41,10,C
32,52,B
25,35,C
31,43,C
76,97,A
97,68,A
34,28,C
80,71,A
72,28,B
83,90,A
23,36,C
78,54,B
79,92,A
20,37,C
69,32,B
77,84,A
56,96,A
56,86,A
29,33,C
86,100,A
30,79,B
71,70,A
35,89,B
35,81,B
95,97,A
53,63,B
62,61,B
19,25,C
91,87,A
59,83,A
84,86,A
75,95,A
78,68,A
15,39,C
68,81,A
74,21,B
41,13,C
47,39,B
83,61,A
60,85,A
20,31,C
34,100,B
35,45,B
91,58,A
22,31,C
22,81,B
36,96,B
63,26,B
14,93,B
35,72,B
87,41,B
44,73,B
98,88,A
13,88,B
55,56,B
89,39,B
24,100,B
98,62,A
28,53,B
26,14,C
73,56,B
42,28,C
64,12,C
14,37,C
24,58,B
40,80,B
98,42,A
47,15,C
61,70,B
57,63,B
81,21,B
18,30,C
15,42,C
56,94,A
38,83,B
43,55,B
48,92,A
20,91,B
98,77,A
30,93,B
24,61,B
82,50,B
98,87,A
25,62,B
36,90,B
64,28,B
35,45,B
91,57,A
82,84,A
42,63,B
31,93,B
68,69,B
59,70,B
71,53,B
93,40,B
49,91,A
96,45,A
77,10,B
77,86,A
10,49,C
96,35,B
54,47,B
50,62,B
89,100,A
29,48,C
14,57,C
76,46,B
44,32,C
80,60,A
16,21,C
15,16,C
88,52,A
99,93,A
37,89,B
70,91,A
57,100,A
24,96,B
36,38,C
77,84,A
39,11,C
81,20,B
44,97,A
81,82,A
73,74,A
35,32,C
86,75,A
31,42,C
77,42,B
70,59,B
92,40,B
34,91,B
60,28,B
16,53,C
94,53,A
73,18,B
68,79,A
30,49,C
29,16,C
91,70,A
32,67,B
37,84,B
83,16,B
81,68,A
25,66,B
65,92,A
60,85,A
56,40,B
30,98,B
64,44,B
45,52,B
33,14,C
96,20,B
54,19,C
43,20,C
89,87,A
18,64,B
47,30,C
10,27,C
72,23,B
93,25,B
85,11,B
60,94,A
44,19,C
73,61,B
97,42,B
18,13,C
11,43,C
67,15,B
87,12,B
33,99,B
79,56,B
22,42,C
54,46,B
68,56,B
20,98,B
29,47,C
72,67,B
12,56,C
84,12,B
89,68,A
43,11,C
100,91,A
81,37,B
63,33,B
30,67,B
24,87,B
31,43,C
10,48,C
83,70,A
10,72,B
43,28,C
46,74,B
57,88,A
22,67,B
91,29,B
73,17,B
35,86,B
38,66,B
33,65,B
87,73,A
38,49,B
11,51,C
89,82,A
57,61,B
93,49,A
36,97,B
23,79,B
21,86,B
33,25,C
16,44,C
78,51,B
99,95,A
35,47,B
99,35,B
79,43,B
29,68,B
66,73,B
96,29,B
34,89,B
54,17,C
13,37,C
19,60,C
75,68,A
24,66,B
36,72,B
83,67,A
66,10,C
90,62,A
26,77,B
24,61,B
89,28,B
95,95,A
16,55,C
96,98,A
71,29,B
28,13,C
85,59,A
32,24,C
47,31,C
25,94,B
17,48,C
92,95,A
28,40,C
75,93,A
36,90,B
30,10,C
60,91,A
94,21,B
87,57,A
34,46,B
97,13,B
43,19,C
78,96,A
44,88,B
93,68,A
96,30,B
42,80,B
53,40,B
35,73,B
64,34,B
96,66,A
34,28,C
92,64,A
93,30,B
36,13,C
60,44,B
94,60,A
65,79,A
69,60,B
84,76,A
22,35,C
77,100,A
85,22,B
79,57,B
47,18,C
58,23,B
14,72,B
54,26,B
85,67,A
81,32,B
90,83,A
74,39,B
55,74,B
38,47,B
37,41,C
55,80,B
10,78,B
25,67,B
90,75,A
95,33,B
75,43,B
50,100,A
70,18,B
80,96,A
20,59,C
74,13,B
61,66,B
25,53,C
80,92,A
33,43,C
98,64,A
32,17,C
32,15,C
70,60,B
84,86,A
72,89,A
31,72,B
43,86,B
29,60,B
74,28,B
18,14,C
83,25,B
51,70,B
32,35,C
98,60,A
57,48,B
64,94,A
20,10,C
36,52,B
37,31,C
97,12,B
20,59,C
23,67,B
37,87,B
38,87,B
23,13,C
74,77,A
96,78,A
21,49,C
69,47,B
96,50,A
34,77,B
64,82,A
76,57,B
79,71,A
99,66,A
34,70,B
87,96,A
22,84,B
32,46,C
34,89,B
12,59,C
48,18,C
29,76,B
46,59,B
100,78,A
12,34,C
73,21,B
85,44,B
93,78,A
23,93,B
20,64,B
38,39,C
100,38,B
81,12,B
84,13,B
29,93,B
53,56,B
38,93,B
67,30,B
37,78,B
98,49,A
29,44,C
64,52,B
10,56,C
23,28,C
45,65,B
18,53,C
90,15,B
69,35,B
38,96,B
66,62,B
68,16,B
50,15,C
82,82,A
81,78,A
31,10,C
62,96,A
27,74,B
70,57,B
97,40,B
45,89,B
37,95,B
25,63,B
92,84,A
18,56,C
19,43,C
50,21,C
63,35,B
33,16,C
14,29,C
21,76,B
46,99,A
58,54,B
74,11,B
75,75,A
64,22,B
17,36,C
58,35,B
46,64,B
33,53,B
85,90,A
59,25,B
54,93,A
44,34,C
13,25,C
65,24,B
53,23,C
60,50,B
69,14,B
79,90,A
75,50,B
93,57,A
92,41,B
76,14,B
37,81,B
22,16,C
67,44,B
55,39,B
21,22,C
10,55,C
73,93,A
93,67,A
12,56,C
88,88,A
66,83,A
95,47,A
78,75,A
38,82,B
19,92,B
21,22,C
36,71,B
15,20,C
83,63,A
54,17,C
44,81,B
46,70,B
21,18,C
10,16,C
80,36,B
74,42,B
90,50,A
31,30,C
86,21,B
13,76,B
36,80,B
57,31,B
51,81,B
41,33,C
94,14,B
68,13,B
42,96,B
93,63,A
71,48,B
83,60,A
69,79,A
72,30,B
91,56,A
45,81,B
88,80,A
70,30,B
28,69,B
16,29,C
94,69,A
89,47,B
97,16,B
35,12,C
11,86,B
43,37,B
18,97,B
40,51,B
91,60,A
13,100,B
58,12,C
79,17,B
80,79,A
70,26,B
64,98,A
39,92,B
22,74,B
43,34,C
10,25,C
78,69,A
46,22,C
22,63,B
89,88,A
78,10,B
49,24,C
11,33,C
86,62,A
18,28,C
80,16,B
32,27,C
10,32,C
29,78,B
45,31,C
69,59,B
71,56,B
75,80,A
44,98,A
18,61,C
52,11,C
24,65,B
88,70,A
91,55,A
67,30,B
38,10,C
99,54,A
98,35,B
48,11,C
64,26,B
60,26,B
64,64,B
59,72,B
64,97,A
22,67,B
57,10,C
52,46,B
79,61,A
78,84,A
62,27,B
25,55,B
14,23,C
45,86,B
48,16,C
42,21,C
78,27,B
13,12,C
83,78,A
33,59,B
27,23,C
34,75,B
14,99,B
86,34,B
23,97,B
14,87,B
39,94,B
57,70,B
93,36,B
53,20,C
31,17,C
44,10,C
38,88,B
36,83,B
85,28,B
79,56,B
100,23,B
73,45,B
93,35,B
27,33,C
71,42,B
59,84,A
29,20,C
61,11,C
88,75,A
71,27,B
99,28,B
42,15,C
56,92,A
68,47,B
61,81,A
40,18,C
66,95,A
79,89,A
66,93,A
19,70,B
40,82,B
32,14,C
85,41,B
72,51,B
80,37,B
100,52,A
94,62,A
46,24,C
37,37,C
56,45,B
53,100,A
77,79,A
92,82,A
81,22,B
63,88,A
71,97,A
85,45,B
87,75,A
24,39,C
36,45,B
49,43,B
42,32,C
25,69,B
18,15,C
91,19,B
57,42,B
81,98,A
51,90,A
26,44,C
12,77,B
84,54,B
70,79,A
95,51,A
89,10,B
87,65,A
87,26,B
34,22,C
57,15,C
10,57,C
76,19,B
43,49,B
54,28,B
56,99,A
26,95,B
57,26,B
46,86,B
82,72,A
79,14,B
52,17,C
58,26,B
55,35,B
28,38,C
44,82,B
60,16,C
96,14,B
11,17,C
69,96,A
66,66,B
70,99,A
30,42,C
64,49,B
70,24,B
94,23,B
20,86,B
44,14,C
98,60,A
48,73,B
33,87,B
25,98,B
16,37,C
30,14,C
91,85,A
37,88,B
50,50,B
82,46,B
72,71,A
16,17,C
52,46,B
61,43,B
29,53,B
66,24,B
80,16,B
95,58,A
20,96,B
14,83,B
78,40,B
64,47,B
21,85,B
80,27,B
76,19,B
91,87,A
64,53,B
42,77,B
59,46,B
46,16,C
46,28,C
18,37,C
40,17,C
81,16,B
46,98,A
24,80,B
54,22,C
42,87,B
66,11,C
62,16,C
20,35,C
71,44,B
99,27,B
99,55,A
89,20,B
23,97,B
23,87,B
43,71,B
46,85,B
68,63,B
39,51,B
93,100,A
86,99,A
52,11,C
83,59,A
75,49,B
27,72,B
12,63,C
68,85,A
55,31,B
28,97,B
76,40,B
59,10,C
12,37,C
43,56,B
22,57,C
89,89,A
21,59,B
58,60,B
54,32,B
20,90,B
12,15,C
37,31,C
30,37,C
60,26,B
27,78,B
14,68,B
32,39,C
52,20,C
83,13,B
76,88,A
50,51,B
18,89,B
97,64,A
27,66,B
17,55,C
19,17,C
28,37,C
90,92,A
39,10,C
16,100,B
89,45,B
72,38,B
27,71,B
24,17,C
70,91,A
27,52,C
46,49,B
85,37,B
57,67,B
92,56,A
56,51,B
94,89,A
10,33,C
20,58,C
34,49,B
47,56,B
32,70,B
73,13,B
80,25,B
15,63,C
49,67,B
91,45,B
30,74,B
35,25,C
91,56,A
48,98,A
41,88,B
53,53,B
82,55,B
16,99,B
15,58,C
84,70,A
80,34,B
33,12,C
17,54,C
24,88,B
85,70,A
46,39,B
51,36,B
38,90,B
40,35,C
37,87,B
67,52,B
25,66,B
49,85,B
92,12,B
80,55,B
52,98,A
19,82,B
87,90,A
42,51,B
57,72,B
71,85,A
24,29,C
23,94,B
39,31,C
80,89,A
87,87,A
66,79,A
64,13,C
30,98,B
72,79,A
54,61,B
62,15,C
33,90,B
20,51,C
64,36,B
57,82,B
17,96,B
45,13,C
35,77,B
76,70,A
89,48,B
13,24,C
47,42,B
38,51,B
40,97,B
86,25,B
91,32,B
73,32,B
63,43,B
71,39,B
45,46,B
65,17,B
60,98,A
95,25,B
39,15,C
59,37,B
22,62,B
26,13,C
89,82,A
48,58,B
73,84,A
62,29,B
56,60,B
40,43,B
75,72,A
75,12,B
100,11,B
40,87,B
78,51,B
22,77,B
33,46,C
66,94,A
14,53,C
30,78,B
54,16,C
64,47,B
58,12,C
23,15,C
98,90,A
10,74,B
29,71,B
29,36,C
97,86,A
85,11,B
33,32,C
87,76,A
64,39,B
28,18,C
98,93,A
38,23,C
47,62,B
26,26,C
34,73,B
25,81,B
65,66,B
40,17,C
57,77,B
92,52,A
70,94,A
10,42,C
70,52,B
42,50,B
43,59,B
69,52,B
75,78,A
14,68,B
37,69,B
29,31,C
11,62,C
13,78,B
21,25,C
40,44,B
44,51,B
51,34,B
24,32,C
38,70,B
14,95,B
21,43,C
89,25,B
68,57,B
32,19,C
54,36,B
47,28,C
95,40,B
81,12,B
43,34,C
92,61,A
67,92,A
31,65,B
97,87,A
58,68,B
88,50,B
67,27,B
55,19,C
49,99,A
51,48,B
41,68,B
61,59,B
11,13,C
88,99,A
38,52,B
89,63,A
64,72,B
17,76,B
62,52,B
24,15,C
100,28,B
17,97,B
40,53,B
67,94,A
42,10,C
28,91,B
65,49,B
42,46,B
84,64,A
75,91,A
39,98,B
38,10,C
28,75,B
80,92,A
67,10,C
34,72,B
48,41,B
74,18,B
78,53,B
44,70,B
14,54,C
43,75,B
80,29,B
29,45,C
63,71,B
78,23,B
64,58,B
42,100,A
78,34,B
59,61,B
31,97,B
99,79,A
15,71,B
32,51,B
51,60,B
92,16,B
57,86,A
14,87,B
60,11,C
79,42,B
29,83,B
79,79,A
40,20,C
13,61,C
88,53,A
81,99,A
100,54,A
57,24,B
59,54,B
88,74,A
61,39,B
61,55,B
38,36,C
70,90,A
17,41,C
71,58,B
32,97,B
13,46,C
42,78,B
19,27,C
100,26,B
44,52,B
22,12,C
65,74,B
98,76,A
91,66,A
63,89,A
71,41,B
21,37,C
30,30,C
33,36,C
97,28,B
29,22,C
41,79,B
62,56,B
82,90,A
36,38,C
73,29,B
89,76,A
53,18,C
17,31,C
81,12,B
32,74,B
93,27,B
23,37,C
96,62,A
26,38,C
67,78,A
17,69,B
19,97,B
71,35,B
46,20,C
98,25,B
40,46,B
30,40,C
91,44,B
26,68,B
53,37,B
43,37,B
87,84,A
69,47,B
55,87,A
31,64,B
45,92,B
53,93,A
93,66,A
79,100,A
91,94,A
49,74,B
11,51,C
60,87,A
48,95,A
22,86,B
88,48,B
59,75,B
15,36,C
19,70,B
35,30,C
55,34,B
15,36,C
70,78,A
16,64,B
66,34,B
17,99,B
93,43,B
30,63,B
46,76,B
36,59,B
20,43,C
98,34,B
50,43,B
80,89,A
58,69,B
99,54,A
93,18,B
49,78,B
35,93,B
40,27,C
82,87,A
12,98,B
11,86,B
43,54,B
66,37,B
93,10,B
97,82,A
49,71,B
37,35,C
22,19,C
69,51,B
51,58,B
94,13,B
76,20,B
97,48,A
37,50,B
72,88,A
88,79,A
64,93,A
20,22,C
98,13,B
63,40,B
44,71,B
26,54,B
44,75,B
95,16,B
89,92,A
32,40,C
60,99,A
63,17,B
77,44,B
38,57,B
63,39,B
58,27,B
70,37,B
69,40,B
68,56,B
25,70,B
90,91,A
92,64,A
39,33,C
26,80,B
91,91,A
73,48,B
51,58,B
61,28,B
29,99,B
97,43,A
17,17,C
57,52,B
35,70,B
74,64,B
39,55,B
92,18,B
90,44,B
47,82,B
49,87,B
18,13,C
56,84,A
55,99,A
64,72,B
25,10,C
27,97,B
36,10,C
86,31,B
49,12,C
51,89,A
88,53,A
85,68,A
49,67,B
51,57,B
99,26,B
64,59,B
57,85,A
23,31,C
78,76,A
70,77,A
93,48,A
80,99,A
41,82,B
89,33,B
14,58,C
34,91,B
51,23,C
80,65,A
79,45,B
54,59,B
72,43,B
93,80,A
89,37,B
75,78,A
93,66,A
86,74,A
62,90,A
36,30,C
60,92,A
26,65,B
62,91,A
30,59,B
28,99,B
52,28,B
22,37,C
72,93,A
65,17,B
70,43,B
56,25,B
60,81,A
15,89,B
48,89,B
66,83,A
34,29,C
59,99,A
29,65,B
47,17,C
23,79,B
78,91,A
36,16,C
99,91,A
42,19,C
51,34,B
77,60,B
56,49,B
93,82,A
72,51,B
17,68,B
22,56,C
66,25,B
87,63,A
56,21,C
73,52,B
89,58,A
28,10,C
66,82,A
31,84,B
28,58,B
17,90,B
51,74,B
37,10,C
80,26,B
30,62,B
81,100,A
81,56,B
85,65,A
47,66,B
32,90,B
33,61,B
53,85,B
88,97,A
39,50,B
56,48,B
53,92,A
10,58,C
19,71,B
85,10,B
74,97,A
25,79,B
68,56,B
93,13,B
99,74,A
59,97,A
49,43,B
28,85,B
35,36,C
71,12,B
80,93,A
71,44,B
40,10,C
19,55,C
63,69,B
79,93,A
56,33,B
11,34,C
71,71,A
71,30,B
99,96,A
36,99,B
83,15,B
54,73,B
37,90,B
11,43,C
100,89,A
22,100,B
66,28,B
69,78,A
94,44,B
12,73,B
19,16,C
21,13,C
82,44,B
48,54,B
94,17,B
15,32,C
93,41,B
66,33,B
100,76,A
15,21,C
71,81,A
67,95,A
64,51,B
76,42,B
53,56,B
41,47,B
100,52,A
45,56,B
17,67,B
94,74,A
31,21,C
23,67,B
19,21,C
35,98,B
47,51,B
16,34,C
97,76,A
62,47,B
73,39,B
21,95,B
31,83,B
56,59,B
65,78,A
31,90,B
21,83,B
25,10,C
11,96,B
67,62,B
82,19,B
37,94,B
21,75,B
46,32,C
14,54,C
45,46,B
65,58,B
24,18,C
76,85,A
69,42,B
55,14,C
53,64,B
21,82,B
50,45,B
79,99,A
27,82,B
46,24,C
32,85,B
72,45,B
84,16,B
29,62,B
10,95,B
97,17,B
20,18,C
73,84,A
83,14,B
10,28,C
95,31,B
84,78,A
76,44,B
58,29,B
90,61,A
76,38,B
59,61,B
57,18,C
74,48,B
36,86,B
49,57,B
24,41,C
25,66,B
85,69,A
41,76,B
20,16,C
98,13,B
20,61,B
72,14,B
93,35,B
42,67,B
25,25,C
16,27,C
41,73,B
94,15,B
29,38,C
63,39,B
73,87,A
44,56,B
74,86,A
73,58,B
23,83,B
54,71,B
29,25,C
15,62,C
20,78,B
46,83,B
20,67,B
96,68,A
96,85,A
17,61,C
91,55,A
71,43,B
52,98,A
69,20,B
92,97,A
60,16,C
40,86,B
27,53,B
84,83,A
36,12,C
15,10,C
40,83,B
47,18,C
82,17,B
73,82,A
88,14,B
70,60,B
47,31,C
17,81,B
10,18,C
55,81,B
49,20,C
82,56,B
48,73,B
36,89,B
15,81,B
25,31,C
31,26,C
63,17,B
40,51,B
37,58,B
35,91,B
98,18,B
73,36,B
77,36,B
53,52,B
56,16,C
48,16,C
50,66,B
78,30,B
22,60,B
77,90,A
84,53,B
50,75,B
53,52,B
59,71,B
60,15,C
42,14,C
25,78,B
52,59,B
60,80,A
16,54,C
33,90,B
32,16,C
89,12,B
41,74,B
66,69,B
25,100,B
35,87,B
53,22,C
47,75,B
96,87,A
83,31,B
55,15,C
35,30,C
70,59,B
35,42,C
97,17,B
46,99,A
62,19,B
23,84,B
22,61,B
47,18,C
80,35,B
49,23,C
61,92,A
80,44,B
41,67,B
28,90,B
94,79,A
37,75,B
23,66,B
60,20,B
76,83,A
73,73,A
90,39,B
12,95,B
65,91,A
59,19,C
53,48,B
67,79,A
94,97,A
91,91,A
46,20,C
99,31,B
95,79,A
55,47,B
24,12,C
47,74,B
88,73,A
28,45,C
39,64,B
55,12,C
34,94,B
24,28,C
58,36,B
49,38,B
41,13,C
52,83,B
20,89,B
46,25,C
100,31,B
42,28,C
31,79,B
100,100,A
76,66,A
57,64,B
75,19,B
65,49,B
31,64,B
24,69,B
19,73,B
44,29,C
82,29,B
16,93,B
55,56,B
56,85,A
38,66,B
72,29,B
58,14,C
68,61,B
43,24,C
85,14,B
28,31,C
57,75,B
13,20,C
34,56,B
82,97,A
97,39,B
91,86,A
19,22,C
98,33,B
96,55,A
54,74,B
43,97,A
27,65,B
22,49,C
43,34,C
39,17,C
79,75,A
81,100,A
85,45,B
13,66,C
54,12,C
37,19,C
11,26,C
49,99,A
28,32,C
39,72,B
35,36,C
96,99,A
76,54,B
72,65,B
50,19,C
78,62,A
82,32,B
82,18,B
19,80,B
25,49,C
46,30,C
43,97,A
28,92,B
36,83,B
30,61,B
62,77,B
29,77,B
90,16,B
100,64,A
14,82,B
22,43,C
10,74,B
22,19,C
10,53,C
24,62,B
23,80,B
88,83,A
97,19,B
26,98,B
55,99,A
66,55,B
48,84,B
86,81,A
83,41,B
32,32,C
57,12,C
82,80,A
74,26,B
37,10,C
92,65,A
39,72,B
60,48,B
15,35,C
93,70,A
21,93,B
78,14,B
33,15,C
44,22,C
15,47,C
23,14,C
46,52,B
22,41,C
38,20,C
58,32,B
31,23,C
53,36,B
14,32,C
78,46,B
81,34,B
34,28,C
58,92,A
12,43,C
91,19,B
95,56,A
32,15,C
46,73,B
20,36,C
41,50,B
35,49,B
60,18,C
34,53,B
44,22,C
100,38,B
22,46,C
79,10,B
66,96,A
40,84,B
63,58,B
20,68,B
94,44,B
13,44,C
97,71,A
72,19,B
63,16,C
14,37,C
63,20,B
85,71,A
38,17,C
62,23,B
49,67,B
92,79,A
54,30,B
60,11,C
13,80,B
79,10,B
88,16,B
89,68,A
69,97,A
92,57,A
72,28,B
35,35,C
72,25,B
69,71,A
76,93,A
88,67,A
58,76,B
31,33,C
74,34,B
71,83,A
17,98,B
42,30,C
17,100,B
15,37,C
77,72,A
53,11,C
75,50,B
84,50,B
64,29,B
68,54,B
31,38,C
25,79,B
55,76,B
39,85,B
86,80,A
24,44,C
86,54,A
19,43,C
32,71,B
33,30,C
96,13,B
86,82,A
50,18,C
87,100,A
33,47,B
15,14,C
70,57,B
68,58,B
99,44,A
76,70,A
67,66,B
77,32,B
55,13,C
16,27,C
13,15,C
43,64,B
79,42,B
30,44,C
43,59,B
66,73,B
80,39,B
86,13,B
57,78,B
12,27,C
95,80,A
89,32,B
91,45,B
65,81,A
86,84,A
12,38,C
80,25,B
58,74,B
69,63,B
25,97,B
14,23,C
96,85,A
42,74,B
39,99,B
61,85,A
67,38,B
88,54,A
57,35,B
21,66,B
29,91,B
10,89,B
42,70,B
44,90,B
32,53,B
45,42,B
96,66,A
25,27,C
23,69,B
77,55,B
11,70,B
40,10,C
96,21,B
18,98,B
100,18,B
26,93,B
65,94,A
79,68,A
18,29,C
72,53,B
68,96,A
95,38,B
34,27,C
47,86,B
79,79,A
32,28,C
22,48,C
11,20,C
46,42,B
88,76,A
64,16,B
69,67,B
15,93,B
42,27,C
87,42,B
99,67,A
35,64,B
34,89,B
15,27,C
84,24,B
93,24,B
21,37,C
44,41,B
53,34,B
12,47,C
29,98,B
89,98,A
84,85,A
50,85,B
31,26,C
80,95,A
86,80,A
39,100,B
41,61,B
84,72,A
16,11,C
84,39,B
47,65,B
20,16,C
93,48,A
44,60,B
90,49,B
51,28,C
56,98,A
76,26,B
55,29,B
49,40,B
27,75,B
79,18,B
50,17,C
69,40,B
77,43,B
13,85,B
14,10,C
24,24,C
18,79,B
40,79,B
59,42,B
99,90,A
78,10,B
64,70,B
79,99,A
52,61,B
85,97,A
97,93,A
93,26,B
49,51,B
64,24,B
51,53,B
62,59,B
20,31,C
24,95,B
44,40,B
96,10,B
48,32,B
73,22,B
33,91,B
71,96,A
76,33,B
69,31,B
95,28,B
69,75,A
93,50,A
75,25,B
60,25,B
45,90,B
71,82,A
84,28,B
31,83,B
22,26,C
55,40,B
39,93,B
83,56,B
27,14,C
89,34,B
92,79,A
78,23,B
20,69,B
43,40,B
28,11,C
99,44,A
83,69,A
37,64,B
39,44,B
42,24,C
17,76,B
95,14,B
81,52,B
76,61,B
93,74,A
57,40,B
53,54,B
28,63,B
84,80,A
100,66,A
100,47,A
48,62,B
57,57,B
24,38,C
81,79,A
34,77,B
41,100,A
47,32,C
84,62,A
35,50,B
96,83,A
25,49,C
37,71,B
79,85,A
41,81,B
78,77,A
39,40,C
52,34,B
51,53,B
25,96,B
28,72,B
15,38,C
93,50,A
11,84,B
49,51,B
83,18,B
20,70,B
29,52,B
80,11,B
69,71,A
69,23,B
23,90,B
34,68,B
82,13,B
67,31,B
86,94,A
62,10,C
84,54,B
96,67,A
70,67,B
11,34,C
40,71,B
26,57,B
80,76,A
60,81,A
26,37,C
76,28,B
14,16,C
57,65,B
35,42,C
79,34,B
47,35,B
34,84,B
100,33,B
53,25,C
26,13,C
52,36,B
100,34,B
90,59,A
54,26,B
59,91,A
98,48,A
83,82,A
25,22,C
24,99,B
57,85,A
39,87,B
56,92,A
15,24,C
93,54,A
77,77,A
30,87,B
70,29,B
77,16,B
33,68,B
77,55,B
24,71,B
58,23,B
65,35,B
26,34,C
35,16,C
55,39,B
17,63,B
55,24,C
81,66,A
23,55,C
91,75,A
46,29,C
19,88,B
78,91,A
24,74,B
96,34,B
95,54,A
83,87,A
31,75,B
18,61,C
33,22,C
91,62,A
11,77,B
98,87,A
43,69,B
56,81,B
58,13,C
42,44,B
25,22,C
57,65,B
32,84,B
47,19,C
56,75,B
65,76,A
13,17,C
36,43,C
97,76,A
75,23,B
80,83,A
69,94,A
58,38,B
60,81,A
15,31,C
72,42,B
60,98,A
56,98,A
98,57,A
74,12,B
27,73,B
79,74,A
89,73,A
67,12,C
26,36,C
31,32,C
85,78,A
72,11,B
10,68,C
55,22,C
55,59,B
51,94,A
19,54,C
34,56,B
81,58,B
16,88,B
88,47,B
23,69,B
44,88,B
62,57,B
89,27,B
73,83,A
37,31,C
87,96,A
77,32,B
81,79,A
64,38,B
52,32,B
78,43,B
58,87,A
25,79,B
95,22,B
100,92,A
83,15,B
56,33,B
55,96,A
35,30,C
37,90,B
54,30,B
19,15,C
95,15,B
28,28,C
69,74,A
75,28,B
90,57,A
32,20,C
63,61,B
13,12,C
46,27,C
51,22,C
28,91,B
15,42,C
37,47,B
31,89,B
38,26,C
94,11,B
39,70,B
80,81,A
23,61,B
33,67,B
34,32,C
79,88,A
23,47,C
28,13,C
89,17,B
87,14,B
84,32,B
72,94,A
67,83,A
82,57,B
83,42,B
47,42,B
86,68,A
12,97,B
71,35,B
90,45,B
19,94,B
72,96,A
75,84,A
86,99,A
25,64,B
95,92,A
36,21,C
14,61,C
97,96,A
14,79,B
28,33,C
72,85,A
65,22,B
92,59,A
81,29,B
86,34,B
46,75,B
74,82,A
90,59,A
13,35,C
46,40,B
28,67,B
11,73,B
78,14,B
73,94,A
28,86,B
89,39,B
22,58,B
45,96,A
26,57,B
38,26,C
85,76,A
31,26,C
74,83,A
90,41,B
70,29,B
51,22,C
45,82,B
95,77,A
69,18,B
69,20,B
61,54,B
36,46,B
81,28,B
79,84,A
45,45,B
75,42,B
57,30,B
14,55,C
25,93,B
64,75,B
24,47,C
26,59,B
49,83,B
76,47,B
66,73,B
92,25,B
83,14,B
95,31,B
45,34,C
47,33,B
74,72,A
31,81,B
100,83,A
62,73,B
87,39,B
10,92,B
10,82,B
78,56,B
42,18,C
97,27,B
35,54,B
90,72,A
93,37,B
92,87,A
98,48,A
45,70,B
25,70,B
21,11,C
26,96,B
11,89,B
55,17,C
75,26,B
30,20,C
80,57,B
25,60,B
21,18,C
10,50,C
44,24,C
63,96,A
26,21,C
31,39,C
58,72,B
56,84,A
31,68,B
37,30,C
61,89,A
93,82,A
87,34,B
100,44,A
64,74,B
27,66,B
63,97,A
48,43,B
76,98,A
75,53,B
33,100,B
37,89,B
22,85,B
76,63,B
20,43,C
22,45,C
54,90,A
36,16,C
74,30,B
17,79,B
85,40,B
76,14,B
78,93,A
37,31,C
20,47,C
48,31,C
84,26,B
41,92,B
35,62,B
78,22,B
34,83,B
32,65,B
31,17,C
77,57,B
36,93,B
55,22,C
45,70,B
23,59,B
41,64,B
85,29,B
91,17,B
20,13,C
47,75,B
34,71,B
82,62,A
97,49,A
81,49,B
52,91,A
57,55,B
72,97,A
56,90,A
87,66,A
82,81,A
63,49,B
16,10,C
12,89,B
14,15,C
90,17,B
35,16,C
54,81,B
81,70,A
91,58,A
14,91,B
26,36,C
23,10,C
13,17,C
100,67,A
61,22,B
69,93,A
13,92,B
54,80,B
82,80,A
68,82,A
90,87,A
60,81,A
83,32,B
34,19,C
58,23,B
67,57,B
67,91,A
90,71,A
98,44,A
100,52,A
96,30,B
78,11,B
38,76,B
32,78,B
25,60,B
34,50,B
29,18,C
86,37,B
94,25,B
12,12,C
12,32,C
76,77,A
27,63,B
14,15,C
25,71,B
43,98,A
50,17,C
74,40,B
74,91,A
79,57,B
60,93,A
45,92,B
85,72,A
36,11,C
13,40,C
68,100,A
73,70,A
56,51,B
79,42,B
96,36,B
64,45,B
21,28,C
11,25,C
94,81,A
28,42,C
22,95,B
35,65,B
60,51,B
75,46,B
76,67,A
25,98,B
70,54,B
65,38,B
37,35,C
55,10,C
68,46,B
40,10,C
95,86,A
57,40,B
43,44,B
94,13,B
28,43,C
15,100,B
84,96,A
17,55,C
30,24,C
59,75,B
55,83,B
21,28,C
41,84,B
65,86,A
33,85,B
98,62,A
34,58,B
18,12,C
25,48,C
11,85,B
83,92,A
68,85,A
40,77,B
96,21,B
99,48,A
56,44,B
19,88,B
50,26,C
53,74,B
84,81,A
30,38,C
38,38,C
31,12,C
85,80,A
100,13,B
61,28,B
41,94,B
30,24,C
27,58,B
48,74,B
57,70,B
30,72,B
71,94,A
33,36,C
40,61,B
85,71,A
90,37,B
88,14,B
83,25,B
82,76,A
80,79,A
93,17,B
30,15,C
57,26,B
51,48,B
34,76,B
10,96,B
28,69,B
51,21,C
43,37,B
76,62,B
12,88,B
77,70,A
38,34,C
66,79,A
68,60,B
12,75,B
66,18,B
97,37,B
16,40,C
54,41,B
100,10,B
23,48,C
58,36,B
30,27,C
66,63,B
20,21,C
57,43,B
80,63,A
62,28,B
64,38,B
29,14,C
79,66,A
33,23,C
53,81,B
14,68,B
62,12,C
54,77,B
41,68,B
71,30,B
56,32,B
49,51,B
59,98,A
26,27,C
37,63,B
74,92,A
20,28,C
14,84,B
16,32,C
73,20,B
48,59,B
39,90,B
63,41,B
15,79,B
71,18,B
12,41,C
40,38,C
85,52,B
59,30,B
51,87,B
52,92,A
89,78,A
70,30,B
47,22,C
11,32,C
28,32,C
66,57,B
13,100,B
36,76,B
24,87,B
43,87,B
85,30,B
47,26,C
29,41,C
86,84,A
19,35,C
53,23,C
55,67,B
51,11,C
93,50,A
83,26,B
31,44,C
95,69,A
37,29,C
48,14,C
80,68,A
17,18,C
52,17,C
41,97,B
47,67,B
37,66,B
66,59,B
55,93,A
24,60,B
64,26,B
41,84,B
49,99,A
54,88,A
18,55,C
75,14,B
75,93,A
36,68,B
52,79,B
81,62,A
96,19,B
97,36,B
26,93,B
98,55,A
81,50,B
25,42,C
48,42,B
22,30,C
54,25,C
12,20,C
48,51,B
43,52,B
15,64,C
12,56,C
18,38,C
96,18,B
15,98,B
80,50,B
92,96,A
36,18,C
17,59,C
42,99,A
94,81,A
51,25,C
50,29,C
46,84,B
89,90,A
38,83,B
35,65,B
68,99,A
96,32,B
16,67,B
20,35,C
15,52,C
24,66,B
82,57,B
10,44,C
98,50,A
72,14,B
22,59,B
96,84,A
14,35,C
57,32,B
31,74,B
77,74,A
21,66,B
77,98,A
75,97,A
18,20,C
25,21,C
48,58,B
37,62,B
16,15,C
15,60,C
25,62,B
30,13,C
40,100,A
13,98,B
14,61,C
83,45,B
67,91,A
33,91,B
80,18,B
28,28,C
77,88,A
36,55,B
74,91,A
16,31,C
53,80,B
90,53,A
79,22,B
28,65,B
86,27,B
71,80,A
77,37,B
80,96,A
12,38,C
60,66,B
13,46,C
93,63,A
38,100,B
62,98,A
71,36,B
96,97,A
24,45,C
85,20,B
75,64,B
78,79,A
14,20,C
48,14,C
90,27,B
81,59,A
32,60,B
77,16,B
17,77,B
80,65,A
12,18,C
79,58,B
20,97,B
87,47,B
38,20,C
28,91,B
36,10,C
60,80,A
92,23,B
76,26,B
76,68,A
79,44,B
88,23,B
89,98,A
93,37,B
61,70,B
54,74,B
63,33,B
13,28,C
83,74,A
34,69,B
40,81,B
65,55,B
46,99,A
27,31,C
86,69,A
34,100,B
18,38,C
15,28,C
37,52,B
75,18,B
81,91,A
48,16,C
86,23,B
59,93,A
61,58,B
71,89,A
34,82,B
78,10,B
23,69,B
12,21,C
67,28,B
31,17,C
72,43,B
64,55,B
32,15,C
52,43,B
92,59,A
48,86,B
78,36,B
65,97,A
18,61,C
100,84,A
35,33,C
100,96,A
17,79,B
93,86,A
76,92,A
35,16,C
57,22,C
78,64,A
69,75,A
83,41,B
35,50,B
22,26,C
27,71,B
48,11,C
66,94,A
73,48,B
55,45,B
82,63,A
57,97,A
17,87,B
90,13,B
41,57,B
43,33,C
19,34,C
75,30,B
44,17,C
66,13,C
44,66,B
20,22,C
47,68,B
86,80,A
49,21,C
13,96,B
38,100,B
73,45,B
29,48,C
56,63,B
84,40,B
58,88,A
74,20,B
64,41,B
56,35,B
65,80,A
64,99,A
26,25,C
90,84,A
88,65,A
68,94,A
67,94,A
90,30,B
66,47,B
40,95,B
82,73,A
10,54,C
25,23,C
27,79,B
37,18,C
92,43,B
32,81,B
14,100,B
98,13,B
39,57,B
93,38,B
83,64,A
19,57,C
44,11,C
26,52,C
18,92,B
11,57,C
87,23,B
26,55,B
52,61,B
12,25,C
52,97,A
51,70,B
46,59,B
22,93,B
79,86,A
10,12,C
17,46,C
52,48,B
34,40,C
12,27,C
85,83,A
100,55,A
62,89,A
62,76,B
52,29,B
74,94,A
44,78,B
15,51,C
13,66,C
74,61,B
28,55,B
34,74,B
49,97,A
19,35,C
67,50,B
10,94,B
31,58,B
40,53,B
16,57,C
48,94,A
68,36,B
92,80,A
82,38,B
16,55,C
69,11,B
60,76,B
25,21,C
77,60,B
12,10,C
60,60,B
36,99,B
25,46,C
84,97,A
95,77,A
72,62,B
94,30,B
51,97,A
23,50,C
63,12,C
55,81,B
62,61,B
22,56,C
59,69,B
59,62,B
62,23,B
32,78,B
72,92,A
83,46,B
16,62,C
27,25,C
59,53,B
37,47,B
88,60,A
64,37,B
44,87,B
18,16,C
65,29,B
57,36,B
11,83,B
69,69,B
14,44,C
35,99,B
15,35,C
70,13,B
63,17,B
67,73,A
89,22,B
73,67,A
51,25,C
40,64,B
88,92,A
71,45,B
83,56,B
81,20,B
99,61,A
29,42,C
38,62,B
16,47,C
70,32,B
26,82,B
76,40,B
16,84,B
23,31,C
10,32,C
16,65,B
71,82,A
60,34,B
80,84,A
66,98,A
38,72,B
76,21,B
33,28,C
24,51,C
76,43,B
44,31,C
26,12,C
89,72,A
54,97,A
16,31,C
66,60,B
23,28,C
62,61,B
41,25,C
84,37,B
98,83,A
49,30,C
22,69,B
56,17,C
36,37,C
62,38,B
37,83,B
43,74,B
14,26,C
98,76,A
95,78,A
34,12,C
71,47,B
94,56,A
32,42,C
89,45,B
81,65,A
34,91,B
45,82,B
96,11,B
64,50,B
78,14,B
13,61,C
45,14,C
69,51,B
11,16,C
47,45,B
69,86,A
40,41,B
64,74,B
50,89,B
40,55,B
36,93,B
11,98,B
91,58,A
34,50,B
90,74,A
35,40,C
69,25,B
74,47,B
43,43,B
44,53,B
18,31,C
92,20,B
96,49,A
40,65,B
91,53,A
41,99,A
75,55,B
69,57,B
24,76,B
54,100,A
52,54,B
39,20,C
78,74,A
93,83,A
27,37,C
16,69,B
35,88,B
64,66,B
95,80,A
88,13,B
18,16,C
32,97,B
32,21,C
62,18,B
70,78,A
36,57,B
77,50,B
57,23,B
27,71,B
28,66,B
97,47,A
26,66,B
57,66,B
87,24,B
80,81,A
71,20,B
91,73,A
61,76,B
99,22,B
93,99,A
84,74,A
14,99,B
82,58,A
54,52,B
14,35,C
24,98,B
95,56,A
16,53,C
24,41,C
24,24,C
70,50,B
83,54,B
69,89,A
79,33,B
56,17,C
71,38,B
82,40,B
59,100,A
87,17,B
10,74,B
72,75,A
70,51,B
81,15,B
34,60,B
94,99,A
63,36,B
44,68,B
22,48,C
74,74,A
51,99,A
63,90,A
17,76,B
48,82,B
45,82,B
45,46,B
85,21,B
34,32,C
74,70,A
84,46,B
51,14,C
80,77,A
100,12,B
30,81,B
67,67,B
88,79,A
66,65,B
52,25,C
57,70,B
45,39,B
13,29,C
74,71,A
48,75,B
88,89,A
27,96,B
34,98,B
79,10,B
68,44,B
99,52,A
95,65,A
23,68,B
40,56,B
73,60,B
72,60,B
98,24,B
56,39,B
57,92,A
60,75,B
44,22,C
36,77,B
10,88,B
56,93,A
18,36,C
57,78,B
45,76,B
24,20,C
20,11,C
52,26,C
12,97,B
84,66,A
13,12,C
58,12,C
40,13,C
53,11,C
19,35,C
35,99,B
61,100,A
99,38,B
70,37,B
61,36,B
20,74,B
89,31,B
75,90,A
59,65,B
69,57,B
48,49,B
26,29,C
44,62,B
